"Id","IsDeleted","Name","CreatedDate","CreatedById","LastModifiedDate","LastModifiedById","SystemModstamp","DateStartInterval","IntervalDays","FeedElementId","Parent","ItemCount","NetworkScope"
"0OD8a000000KpUjGAK","0","00000008","2023-01-22 14:12:21","0058a00000L2IR7AAN","2023-01-22 14:12:21","0058a00000L2IR7AAN","2023-01-22 14:12:21","2023-01-22 00:00:00","7","0D58a00009AHRK9CAP","0038a00003A0xTf","6","I"
"0OD8a000000KpUkGAK","0","00000009","2023-01-22 14:12:21","0058a00000L2IR7AAN","2023-01-22 14:12:21","0058a00000L2IR7AAN","2023-01-22 14:12:21","2023-01-22 00:00:00","7","0D58a00009AqxvnCAB","0068a00001M7w4n","3","I"
"0OD8a000000KpUrGAK","0","00000011","2023-01-22 14:12:21","0058a00000L2IR7AAN","2023-01-22 14:12:21","0058a00000L2IR7AAN","2023-01-22 14:12:21","2023-01-22 00:00:00","7","0D58a00009AKJF1CAP","00U8a00000pGH22","1","I"
"0OD8a000000KpUsGAK","0","00000012","2023-01-22 14:12:21","0058a00000L2IR7AAN","2023-01-22 14:12:21","0058a00000L2IR7AAN","2023-01-22 14:12:21","2023-01-22 00:00:00","7","0D58a00009AKwi4CAD","00T8a000081hIcI","1","I"
"0OD8a000000KpUtGAK","0","00000013","2023-01-22 14:12:21","0058a00000L2IR7AAN","2023-01-22 14:12:21","0058a00000L2IR7AAN","2023-01-22 14:12:21","2023-01-22 00:00:00","7","0D58a00009AKx8JCAT","00T8a000081hH2W","1","I"
"0OD8a000000KpUuGAK","0","00000014","2023-01-22 14:12:21","0058a00000L2IR7AAN","2023-01-22 14:12:21","0058a00000L2IR7AAN","2023-01-22 14:12:21","2023-01-22 00:00:00","7","0D58a00009AKxLcCAL","00T8a000081hIdf","1","I"
"0OD8a000000KpUvGAK","0","00000015","2023-01-22 14:12:21","0058a00000L2IR7AAN","2023-01-22 14:12:21","0058a00000L2IR7AAN","2023-01-22 14:12:21","2023-01-22 00:00:00","7","0D58a00009AKzGyCAL","00T8a000081hK1z","1","I"
"0OD8a000000KpUwGAK","0","00000016","2023-01-22 14:12:21","0058a00000L2IR7AAN","2023-01-22 14:12:21","0058a00000L2IR7AAN","2023-01-22 14:12:21","2023-01-22 00:00:00","7","0D58a00009AKzmWCAT","00U8a00000pGJfp","1","I"
"0OD8a000000KpUxGAK","0","00000017","2023-01-22 14:12:21","0058a00000L2IR7AAN","2023-01-22 14:12:21","0058a00000L2IR7AAN","2023-01-22 14:12:21","2023-01-22 00:00:00","7","0D58a00009AL2JbCAL","00U8a00000pGJhg","1","I"
"0OD8a000000KpUyGAK","0","00000018","2023-01-22 14:12:21","0058a00000L2IR7AAN","2023-01-22 14:12:21","0058a00000L2IR7AAN","2023-01-22 14:12:21","2023-01-22 00:00:00","7","0D58a00009Aqx9ECAR","00T8a000081jGxX","1","I"
"0OD8a000000KpV0GAK","0","00000020","2023-01-22 14:12:21","0058a00000L2IR7AAN","2023-01-22 14:12:21","0058a00000L2IR7AAN","2023-01-22 14:12:21","2023-01-22 00:00:00","7","0D58a00009Bqv8HCAR","00U8a00000pGTxa","1","I"
"0OD8a000000KpV5GAK","0","00000025","2023-01-22 14:12:21","0058a00000L2IR7AAN","2023-01-22 14:12:21","0058a00000L2IR7AAN","2023-01-22 14:12:21","2023-01-22 00:00:00","7","0D58a00009BqvPqCAJ","00T8a000081k7Oh","1","I"
"0OD8a000000KpV6GAK","0","00000026","2023-01-22 14:12:21","0058a00000L2IR7AAN","2023-01-22 14:12:21","0058a00000L2IR7AAN","2023-01-22 14:12:21","2023-01-22 00:00:00","7","0D58a00009BqvPrCAJ","00T8a000081k7Oi","1","I"
"0OD8a000000KpV8GAK","0","00000028","2023-01-22 14:12:21","0058a00000L2IR7AAN","2023-01-22 14:12:21","0058a00000L2IR7AAN","2023-01-22 14:12:21","2023-01-22 00:00:00","7","0D58a00009BqvjyCAB","00T8a000081k7j4","1","I"
"0OD8a000000KpV9GAK","0","00000029","2023-01-22 14:12:21","0058a00000L2IR7AAN","2023-01-22 14:12:21","0058a00000L2IR7AAN","2023-01-22 14:12:21","2023-01-22 00:00:00","7","0D58a00009Bqw7ZCAR","00T8a000081k7kM","1","I"
"0OD8a000000KpVAGA0","0","00000030","2023-01-22 14:12:21","0058a00000L2IR7AAN","2023-01-22 14:12:21","0058a00000L2IR7AAN","2023-01-22 14:12:21","2023-01-22 00:00:00","7","0D58a00009Bqw7aCAB","00T8a000081k7kN","1","I"
"0OD8a000000KpVBGA0","0","00000031","2023-01-22 14:12:21","0058a00000L2IR7AAN","2023-01-22 14:12:21","0058a00000L2IR7AAN","2023-01-22 14:12:21","2023-01-22 00:00:00","7","0D58a00009Bqw7bCAB","00T8a000081k7kO","1","I"
"0OD8a000000KpVCGA0","0","00000032","2023-01-22 14:12:21","0058a00000L2IR7AAN","2023-01-22 14:12:21","0058a00000L2IR7AAN","2023-01-22 14:12:21","2023-01-22 00:00:00","7","0D58a00009BqwEyCAJ","00T8a000081k7lF","1","I"
"0OD8a000000KpVEGA0","0","00000034","2023-01-22 14:12:21","0058a00000L2IR7AAN","2023-01-22 14:12:21","0058a00000L2IR7AAN","2023-01-22 14:12:21","2023-01-22 00:00:00","7","0D58a00009BqwOUCAZ","00T8a000081k8PX","1","I"
"0OD8a000000KpVFGA0","0","00000035","2023-01-22 14:12:21","0058a00000L2IR7AAN","2023-01-22 14:12:21","0058a00000L2IR7AAN","2023-01-22 14:12:21","2023-01-22 00:00:00","7","0D58a00009BqwY6CAJ","00T8a000081k85d","1","I"
"0OD8a000000KpVGGA0","0","00000036","2023-01-22 14:12:21","0058a00000L2IR7AAN","2023-01-22 14:12:21","0058a00000L2IR7AAN","2023-01-22 14:12:21","2023-01-22 00:00:00","7","0D58a00009BqwxfCAB","00T8a000081k8Q1","1","I"
"0OD8a000000KpVKGA0","0","00000040","2023-01-22 14:12:21","0058a00000L2IR7AAN","2023-01-22 14:12:21","0058a00000L2IR7AAN","2023-01-22 14:12:21","2023-01-22 00:00:00","7","0D58a00009AHSrzCAH","00T8a000080rclm","1","I"
"0OD8a000000KpVLGA0","0","00000041","2023-01-22 14:12:21","0058a00000L2IR7AAN","2023-01-22 14:12:21","0058a00000L2IR7AAN","2023-01-22 14:12:21","2023-01-22 00:00:00","7","0D58a00009AHPquCAH","00T8a000080rarQ","1","I"
"0OD8a000000KpVMGA0","0","00000042","2023-01-22 14:12:21","0058a00000L2IR7AAN","2023-01-22 14:12:21","0058a00000L2IR7AAN","2023-01-22 14:12:21","2023-01-22 00:00:00","7","0D58a00009AHQKlCAP","00T8a000080rbLc","1","I"
"0OD8a000000Kqa2GAC","0","00000043","2023-01-29 14:12:14","0058a00000L2IR7AAN","2023-01-29 14:12:14","0058a00000L2IR7AAN","2023-01-29 14:12:14","2023-01-29 00:00:00","7","0D58a00009C8YGRCA3","00T8a000082AYfO","1","I"
"0OD8a000000Kqa3GAC","0","00000044","2023-01-29 14:12:14","0058a00000L2IR7AAN","2023-01-29 14:12:14","0058a00000L2IR7AAN","2023-01-29 14:12:14","2023-01-29 00:00:00","7","0D58a00009C8YzaCAF","00T8a000082AYgw","1","I"
"0OD8a000000Kqa4GAC","0","00000045","2023-01-29 14:12:14","0058a00000L2IR7AAN","2023-01-29 14:12:14","0058a00000L2IR7AAN","2023-01-29 14:12:14","2023-01-29 00:00:00","7","0D58a00009CYUVrCAP","00T8a000082BGyl","1","I"
"0OD8a000000Kqa5GAC","0","00000046","2023-01-29 14:12:14","0058a00000L2IR7AAN","2023-01-29 14:12:14","0058a00000L2IR7AAN","2023-01-29 14:12:14","2023-01-29 00:00:00","7","0D58a00009DAVCkCAP","00T8a000082DeLw","1","I"
"0OD8a000000Kqa6GAC","0","00000047","2023-01-29 14:12:14","0058a00000L2IR7AAN","2023-01-29 14:12:14","0058a00000L2IR7AAN","2023-01-29 14:12:14","2023-01-29 00:00:00","7","0D58a00009DYlb1CAD","00T8a000082ECPO","1","I"
"0OD8a000000Kqa7GAC","0","00000048","2023-01-29 14:12:14","0058a00000L2IR7AAN","2023-01-29 14:12:14","0058a00000L2IR7AAN","2023-01-29 14:12:14","2023-01-29 00:00:00","7","0D58a00009C8Xe3CAF","00T8a000082AXmm","1","I"
"0OD8a000000KrpTGAS","0","00000049","2023-02-05 14:13:00","0058a00000L2IR7AAN","2023-02-05 14:13:00","0058a00000L2IR7AAN","2023-02-05 14:13:00","2023-02-05 00:00:00","7","0D58a00009EATU4CAP","00U8a00000qEJit","1","I"
"0OD8a000000KrpUGAS","0","00000050","2023-02-05 14:13:00","0058a00000L2IR7AAN","2023-02-05 14:13:00","0058a00000L2IR7AAN","2023-02-05 14:13:00","2023-02-05 00:00:00","7","0D58a00009EAWS5CAP","00T8a000082ewxD","1","I"
"0OD8a000000KrqJGAS","0","00000052","2023-02-05 14:13:00","0058a00000L2IR7AAN","2023-02-05 14:13:00","0058a00000L2IR7AAN","2023-02-05 14:13:00","2023-02-05 00:00:00","7","0D58a00009EW2fxCAD","00T8a000082fuOz","1","I"
"0OD8a000000KrqKGAS","0","00000053","2023-02-05 14:13:00","0058a00000L2IR7AAN","2023-02-05 14:13:00","0058a00000L2IR7AAN","2023-02-05 14:13:00","2023-02-05 00:00:00","7","0D58a00009EWKU8CAP","00T8a000082g4K2","1","I"
"0OD8a000000KrqLGAS","0","00000054","2023-02-05 14:13:00","0058a00000L2IR7AAN","2023-02-05 14:13:00","0058a00000L2IR7AAN","2023-02-05 14:13:00","2023-02-05 00:00:00","7","0D58a00009EWW2DCAX","00T8a000082gDSY","1","I"
"0OD8a000000KrqMGAS","0","00000055","2023-02-05 14:13:00","0058a00000L2IR7AAN","2023-02-05 14:13:00","0058a00000L2IR7AAN","2023-02-05 14:13:00","2023-02-05 00:00:00","7","0D58a00009EWWjgCAH","00U8a00000qERBo","1","I"
"0OD8a000000KrqNGAS","0","00000056","2023-02-05 14:13:00","0058a00000L2IR7AAN","2023-02-05 14:13:00","0058a00000L2IR7AAN","2023-02-05 14:13:00","2023-02-05 00:00:00","7","0D58a00009Ei62XCAR","00T8a000082gdkp","1","I"
"0OD8a000000KrqOGAS","0","00000057","2023-02-05 14:13:00","0058a00000L2IR7AAN","2023-02-05 14:13:00","0058a00000L2IR7AAN","2023-02-05 14:13:00","2023-02-05 00:00:00","7","0D58a00009Ei6yUCAR","00T8a000082gd8M","1","I"
"0OD8a000000KrqPGAS","0","00000058","2023-02-05 14:13:00","0058a00000L2IR7AAN","2023-02-05 14:13:00","0058a00000L2IR7AAN","2023-02-05 14:13:00","2023-02-05 00:00:00","7","0D58a00009FCFqjCAH","00T8a000083aIjD","1","I"
"0OD8a000000KrqQGAS","0","00000059","2023-02-05 14:13:00","0058a00000L2IR7AAN","2023-02-05 14:13:00","0058a00000L2IR7AAN","2023-02-05 14:13:00","2023-02-05 00:00:00","7","0D58a00009FM5iYCAT","00T8a000083acI2","1","I"
"0OD8a000000KrqRGAS","0","00000060","2023-02-05 14:13:00","0058a00000L2IR7AAN","2023-02-05 14:13:00","0058a00000L2IR7AAN","2023-02-05 14:13:00","2023-02-05 00:00:00","7","0D58a00009EATX3CAP","00U8a00000qEJj3","1","I"
"0OD8a000000KrqSGAS","0","00000061","2023-02-05 14:13:00","0058a00000L2IR7AAN","2023-02-05 14:13:00","0058a00000L2IR7AAN","2023-02-05 14:13:00","2023-02-05 00:00:00","7","0D58a00009EARy4CAH","00U8a00000qEJhv","1","I"
"0OD8a000000jR4IGAU","0","00000275","2023-06-11 13:45:47","0058a00000L2IR7AAN","2023-06-11 13:45:47","0058a00000L2IR7AAN","2023-06-11 13:45:47","2023-06-11 00:00:00","7","0D58a00009mpxkMCAQ","00T8a00008GtKmz","1","I"
"0OD8a000000jUcgGAE","0","00000277","2023-07-02 13:31:17","0058a00000L2IR7AAN","2023-07-02 13:31:17","0058a00000L2IR7AAN","2023-07-02 13:31:17","2023-07-02 00:00:00","7","0D58a00009tAL3ZCAW","00T8a00008J6RfQ","1","I"
"0OD8a000000jVk3GAE","0","00000278","2023-07-09 13:36:59","0058a00000L2IR7AAN","2023-07-09 13:36:59","0058a00000L2IR7AAN","2023-07-09 13:36:59","2023-07-09 00:00:00","7","0D58a00009u9Q06CAE","0068a00001O5l1O","1","I"
"0OD8a000000pf6WGAQ","0","00000223","2023-04-02 13:20:30","0058a00000L2IR7AAN","2023-04-02 13:20:30","0058a00000L2IR7AAN","2023-04-02 13:20:30","2023-04-02 00:00:00","7","0D58a00009Sb5VGCAZ","00T8a0000892kaJ","1","I"
"0OD8a000000pf6XGAQ","0","00000224","2023-04-02 13:20:30","0058a00000L2IR7AAN","2023-04-02 13:20:30","0058a00000L2IR7AAN","2023-04-02 13:20:30","2023-04-02 00:00:00","7","0D58a00009Sb7CwCAJ","00T8a0000892ip1","1","I"
"0OD8a000000pf6YGAQ","0","00000225","2023-04-02 13:20:30","0058a00000L2IR7AAN","2023-04-02 13:20:30","0058a00000L2IR7AAN","2023-04-02 13:20:30","2023-04-02 00:00:00","7","0D58a00009Sb8ZtCAJ","00T8a0000892jpR","1","I"
"0OD8a000000pf6ZGAQ","0","00000226","2023-04-02 13:20:30","0058a00000L2IR7AAN","2023-04-02 13:20:30","0058a00000L2IR7AAN","2023-04-02 13:20:30","2023-04-02 00:00:00","7","0D58a00009Sb8hhCAB","00T8a0000892k0s","1","I"
"0OD8a000000pf6bGAA","0","00000228","2023-04-02 13:20:30","0058a00000L2IR7AAN","2023-04-02 13:20:30","0058a00000L2IR7AAN","2023-04-02 13:20:30","2023-04-02 00:00:00","7","0D58a00009Sb98wCAB","00T8a0000892kLz","1","I"
"0OD8a000000pf6dGAA","0","00000230","2023-04-02 13:20:30","0058a00000L2IR7AAN","2023-04-02 13:20:30","0058a00000L2IR7AAN","2023-04-02 13:20:30","2023-04-02 00:00:00","7","0D58a00009Sb9MfCAJ","00T8a0000892jpS","1","I"
"0OD8a000000pf6eGAA","0","00000231","2023-04-02 13:20:30","0058a00000L2IR7AAN","2023-04-02 13:20:30","0058a00000L2IR7AAN","2023-04-02 13:20:30","2023-04-02 00:00:00","7","0D58a00009Sb9h4CAB","00T8a0000892kd8","1","I"
"0OD8a000000pf6fGAA","0","00000232","2023-04-02 13:20:30","0058a00000L2IR7AAN","2023-04-02 13:20:30","0058a00000L2IR7AAN","2023-04-02 13:20:30","2023-04-02 00:00:00","7","0D58a00009Sb9h5CAB","00T8a0000892kd9","1","I"
"0OD8a000000pf6gGAA","0","00000233","2023-04-02 13:20:30","0058a00000L2IR7AAN","2023-04-02 13:20:30","0058a00000L2IR7AAN","2023-04-02 13:20:30","2023-04-02 00:00:00","7","0D58a00009Sb9hiCAB","00T8a0000892id2","1","I"
"0OD8a000000pf6hGAA","0","00000234","2023-04-02 13:20:30","0058a00000L2IR7AAN","2023-04-02 13:20:30","0058a00000L2IR7AAN","2023-04-02 13:20:30","2023-04-02 00:00:00","7","0D58a00009SbAPdCAN","00T8a0000892klg","1","I"
"0OD8a000000pf6kGAA","0","00000237","2023-04-02 13:20:30","0058a00000L2IR7AAN","2023-04-02 13:20:30","0058a00000L2IR7AAN","2023-04-02 13:20:30","2023-04-02 00:00:00","7","0D58a00009SbtaMCAR","00T8a0000893BNc","1","I"
"0OD8a000000pf6lGAA","0","00000238","2023-04-02 13:20:30","0058a00000L2IR7AAN","2023-04-02 13:20:30","0058a00000L2IR7AAN","2023-04-02 13:20:30","2023-04-02 00:00:00","7","0D58a00009SbvYjCAJ","00T8a0000893Aqp","1","I"
"0OD8a000000pf6nGAA","0","00000240","2023-04-02 13:20:30","0058a00000L2IR7AAN","2023-04-02 13:20:30","0058a00000L2IR7AAN","2023-04-02 13:20:30","2023-04-02 00:00:00","7","0D58a00009Sbw91CAB","00T8a0000893C6z","1","I"
"0OD8a000000pf6pGAA","0","00000242","2023-04-02 13:20:30","0058a00000L2IR7AAN","2023-04-02 13:20:30","0058a00000L2IR7AAN","2023-04-02 13:20:30","2023-04-02 00:00:00","7","0D58a00009Sc0fFCAR","00T8a0000893Gdb","1","I"
"0OD8a000000pf6qGAA","0","00000243","2023-04-02 13:20:30","0058a00000L2IR7AAN","2023-04-02 13:20:30","0058a00000L2IR7AAN","2023-04-02 13:20:30","2023-04-02 00:00:00","7","0D58a00009Sc15rCAB","00T8a0000893Gse","1","I"
"0OD8a000000pf6rGAA","0","00000244","2023-04-02 13:20:30","0058a00000L2IR7AAN","2023-04-02 13:20:30","0058a00000L2IR7AAN","2023-04-02 13:20:30","2023-04-02 00:00:00","7","0D58a00009TpfVwCAJ","00T8a0000893Khi","1","I"
"0OD8a000000pf6sGAA","0","00000245","2023-04-02 13:20:30","0058a00000L2IR7AAN","2023-04-02 13:20:30","0058a00000L2IR7AAN","2023-04-02 13:20:30","2023-04-02 00:00:00","7","0D58a00009TpgYpCAJ","00T8a0000893Irn","1","I"
"0OD8a000000pgO2GAI","0","00000246","2023-04-09 13:17:35","0058a00000L2IR7AAN","2023-04-09 13:17:35","0058a00000L2IR7AAN","2023-04-09 13:17:35","2023-04-09 00:00:00","7","0D58a00009TsBs1CAF","00T8a000089p4I2","1","I"
"0OD8a000000pgO4GAI","0","00000248","2023-04-09 13:17:35","0058a00000L2IR7AAN","2023-04-09 13:17:35","0058a00000L2IR7AAN","2023-04-09 13:17:35","2023-04-09 00:00:00","7","0D58a00009TsCdmCAF","00T8a000089p9GC","1","I"
"0OD8a000000pgO5GAI","0","00000249","2023-04-09 13:17:35","0058a00000L2IR7AAN","2023-04-09 13:17:35","0058a00000L2IR7AAN","2023-04-09 13:17:35","2023-04-09 00:00:00","7","0D58a00009TsD5CCAV","00T8a000089p9O2","1","I"
"0OD8a000000pgO6GAI","0","00000250","2023-04-09 13:17:35","0058a00000L2IR7AAN","2023-04-09 13:17:35","0058a00000L2IR7AAN","2023-04-09 13:17:35","2023-04-09 00:00:00","7","0D58a00009TtPMhCAN","00T8a000089pqbI","1","I"
"0OD8a000000pgO7GAI","0","00000251","2023-04-09 13:17:35","0058a00000L2IR7AAN","2023-04-09 13:17:35","0058a00000L2IR7AAN","2023-04-09 13:17:35","2023-04-09 00:00:00","7","0D58a00009TtPYUCA3","00T8a000089pq7z","1","I"
"0OD8a000000pgO8GAI","0","00000252","2023-04-09 13:17:35","0058a00000L2IR7AAN","2023-04-09 13:17:35","0058a00000L2IR7AAN","2023-04-09 13:17:35","2023-04-09 00:00:00","7","0D58a00009TtQP3CAN","00T8a000089pqGs","1","I"
"0OD8a000000pgO9GAI","0","00000253","2023-04-09 13:17:35","0058a00000L2IR7AAN","2023-04-09 13:17:35","0058a00000L2IR7AAN","2023-04-09 13:17:35","2023-04-09 00:00:00","7","0D58a00009TtTPFCA3","00T8a000089pt1n","1","I"
"0OD8a000000pgOAGAY","0","00000254","2023-04-09 13:17:35","0058a00000L2IR7AAN","2023-04-09 13:17:35","0058a00000L2IR7AAN","2023-04-09 13:17:35","2023-04-09 00:00:00","7","0D58a00009UiuMPCAZ","00T8a000089qgxp","1","I"
"0OD8a000000pgOBGAY","0","00000255","2023-04-09 13:17:35","0058a00000L2IR7AAN","2023-04-09 13:17:35","0058a00000L2IR7AAN","2023-04-09 13:17:35","2023-04-09 00:00:00","7","0D58a00009UiwSGCAZ","00T8a000089qhPP","1","I"
"0OD8a000000pgOCGAY","0","00000256","2023-04-09 13:17:35","0058a00000L2IR7AAN","2023-04-09 13:17:35","0058a00000L2IR7AAN","2023-04-09 13:17:35","2023-04-09 00:00:00","7","0D58a00009TsC6ZCAV","00T8a000089p8kE","1","I"
"0OD8a000000pgODGAY","0","00000257","2023-04-09 13:17:35","0058a00000L2IR7AAN","2023-04-09 13:17:35","0058a00000L2IR7AAN","2023-04-09 13:17:35","2023-04-09 00:00:00","7","0D58a00009UixR1CAJ","00T8a000089qhy1","1","I"
"0OD8a000000pgOEGAY","0","00000258","2023-04-09 13:17:35","0058a00000L2IR7AAN","2023-04-09 13:17:35","0058a00000L2IR7AAN","2023-04-09 13:17:35","2023-04-09 00:00:00","7","0D58a00009UizzxCAB","00T8a000089qjzm","1","I"
"0OD8a000000phguGAA","0","00000260","2023-04-16 13:26:46","0058a00000L2IR7AAN","2023-04-16 13:26:46","0058a00000L2IR7AAN","2023-04-16 13:26:46","2023-04-16 00:00:00","7","0D58a00009W5eJtCAJ","00T8a00008AedRE","1","I"
"0OD8a000000phgvGAA","0","00000261","2023-04-16 13:26:46","0058a00000L2IR7AAN","2023-04-16 13:26:46","0058a00000L2IR7AAN","2023-04-16 13:26:46","2023-04-16 00:00:00","7","0D58a00009XHnQuCAL","00U8a00000r2tD7","1","I"
"0OD8a000000phgwGAA","0","00000262","2023-04-16 13:26:46","0058a00000L2IR7AAN","2023-04-16 13:26:46","0058a00000L2IR7AAN","2023-04-16 13:26:46","2023-04-16 00:00:00","7","0D58a00009XHnoYCAT","00T8a00008AgYDr","1","I"
"0OD8a000000phgxGAA","0","00000263","2023-04-16 13:26:46","0058a00000L2IR7AAN","2023-04-16 13:26:46","0058a00000L2IR7AAN","2023-04-16 13:26:46","2023-04-16 00:00:00","7","0D58a00009XIhE0CAL","00T8a00008BEjM6","1","I"
"0OD8a000000phgyGAA","0","00000264","2023-04-16 13:26:46","0058a00000L2IR7AAN","2023-04-16 13:26:46","0058a00000L2IR7AAN","2023-04-16 13:26:46","2023-04-16 00:00:00","7","0D58a00009XIhE2CAL","00T8a00008BEjM7","1","I"
"0OD8a000000phgzGAA","0","00000265","2023-04-16 13:26:46","0058a00000L2IR7AAN","2023-04-16 13:26:46","0058a00000L2IR7AAN","2023-04-16 13:26:46","2023-04-16 00:00:00","7","0D58a00009XIhy2CAD","00T8a00008BEioQ","1","I"
"0OD8a000000phh0GAA","0","00000266","2023-04-16 13:26:46","0058a00000L2IR7AAN","2023-04-16 13:26:46","0058a00000L2IR7AAN","2023-04-16 13:26:46","2023-04-16 00:00:00","7","0D58a00009XIi3mCAD","00T8a00008BEjr6","1","I"
"0OD8a000000phh1GAA","0","00000267","2023-04-16 13:26:46","0058a00000L2IR7AAN","2023-04-16 13:26:46","0058a00000L2IR7AAN","2023-04-16 13:26:46","2023-04-16 00:00:00","7","0D58a00009XIiEYCA1","00T8a00008BEk2q","1","I"
"0OD8a000000phh2GAA","0","00000268","2023-04-16 13:26:46","0058a00000L2IR7AAN","2023-04-16 13:26:46","0058a00000L2IR7AAN","2023-04-16 13:26:46","2023-04-16 00:00:00","7","0D58a00009XIiKhCAL","00T8a00008BEjwL","1","I"
"0OD8a000000phh3GAA","0","00000269","2023-04-16 13:26:46","0058a00000L2IR7AAN","2023-04-16 13:26:46","0058a00000L2IR7AAN","2023-04-16 13:26:46","2023-04-16 00:00:00","7","0D58a00009XHnQsCAL","00T8a00008AgY4p","1","I"
"0OD8a000000phh4GAA","0","00000270","2023-04-16 13:26:46","0058a00000L2IR7AAN","2023-04-16 13:26:46","0058a00000L2IR7AAN","2023-04-16 13:26:46","2023-04-16 00:00:00","7","0D58a00009W45p8CAB","00T8a00008Adi10","1","I"
"0OD8a000000phh5GAA","0","00000271","2023-04-16 13:26:46","0058a00000L2IR7AAN","2023-04-16 13:26:46","0058a00000L2IR7AAN","2023-04-16 13:26:46","2023-04-16 00:00:00","7","0D58a00009W5depCAB","00T8a00008Aeakc","1","I"
"0OD8a000000pixYGAQ","0","00000272","2023-04-23 13:20:19","0058a00000L2IR7AAN","2023-04-23 13:20:19","0058a00000L2IR7AAN","2023-04-23 13:20:19","2023-04-23 00:00:00","7","0D58a00009YNoqlCAD","00T8a00008BHmyv","1","I"
"0OD8a000000pixZGAQ","0","00000273","2023-04-23 13:20:19","0058a00000L2IR7AAN","2023-04-23 13:20:19","0058a00000L2IR7AAN","2023-04-23 13:20:19","2023-04-23 00:00:00","7","0D58a00009YQPzXCAX","00T8a00008BqlmT","1","I"
"0OD8a000000pkGpGAI","0","00000274","2023-04-30 13:20:44","0058a00000L2IR7AAN","2023-04-30 13:20:44","0058a00000L2IR7AAN","2023-04-30 13:20:44","2023-04-30 00:00:00","7","0D58a00009aR2Z4CAK","0068a00001MbUEL","1","I"
"0OD8a000001A6qiGAC","0","00000062","2023-02-12 14:11:47","0058a00000L2IR7AAN","2023-02-12 14:11:47","0058a00000L2IR7AAN","2023-02-12 14:11:47","2023-02-12 00:00:00","7","0D58a00009GZ3RvCAL","00T8a000083D02A","1","I"
"0OD8a000001A6qjGAC","0","00000063","2023-02-12 14:11:47","0058a00000L2IR7AAN","2023-02-12 14:11:47","0058a00000L2IR7AAN","2023-02-12 14:11:47","2023-02-12 00:00:00","7","0D58a00009GlU3JCAV","00T8a000083DOb9","1","I"
"0OD8a000001A6qkGAC","0","00000064","2023-02-12 14:11:47","0058a00000L2IR7AAN","2023-02-12 14:11:47","0058a00000L2IR7AAN","2023-02-12 14:11:47","2023-02-12 00:00:00","7","0D58a00009GlU3LCAV","00T8a000083DObA","1","I"
"0OD8a000001A6wbGAC","0","00000065","2023-02-12 14:11:47","0058a00000L2IR7AAN","2023-02-12 14:11:47","0058a00000L2IR7AAN","2023-02-12 14:11:47","2023-02-12 00:00:00","7","0D58a00009GlXs4CAF","00T8a000083DRaE","1","I"
"0OD8a000001A6wcGAC","0","00000066","2023-02-12 14:11:47","0058a00000L2IR7AAN","2023-02-12 14:11:47","0058a00000L2IR7AAN","2023-02-12 14:11:47","2023-02-12 00:00:00","7","0D58a00009GlZDhCAN","00T8a000083DRcc","1","I"
"0OD8a000001A6wdGAC","0","00000067","2023-02-12 14:11:47","0058a00000L2IR7AAN","2023-02-12 14:11:47","0058a00000L2IR7AAN","2023-02-12 14:11:47","2023-02-12 00:00:00","7","0D58a00009Glb8YCAR","00T8a000083DT0a","1","I"
"0OD8a000001A6weGAC","0","00000068","2023-02-12 14:11:47","0058a00000L2IR7AAN","2023-02-12 14:11:47","0058a00000L2IR7AAN","2023-02-12 14:11:47","2023-02-12 00:00:00","7","0D58a00009Glb8lCAB","00T8a000083DSlA","1","I"
"0OD8a000001A6wfGAC","0","00000069","2023-02-12 14:11:47","0058a00000L2IR7AAN","2023-02-12 14:11:47","0058a00000L2IR7AAN","2023-02-12 14:11:47","2023-02-12 00:00:00","7","0D58a00009Glb8nCAB","00T8a000083DSlC","1","I"
"0OD8a000001A6wgGAC","0","00000070","2023-02-12 14:11:47","0058a00000L2IR7AAN","2023-02-12 14:11:47","0058a00000L2IR7AAN","2023-02-12 14:11:47","2023-02-12 00:00:00","7","0D58a00009Glc5ACAR","00T8a000083DTAU","1","I"
"0OD8a000001A6whGAC","0","00000071","2023-02-12 14:11:47","0058a00000L2IR7AAN","2023-02-12 14:11:47","0058a00000L2IR7AAN","2023-02-12 14:11:47","2023-02-12 00:00:00","7","0D58a00009HJayWCAT","00T8a000083EHKP","1","I"
"0OD8a000001A6wiGAC","0","00000072","2023-02-12 14:11:47","0058a00000L2IR7AAN","2023-02-12 14:11:47","0058a00000L2IR7AAN","2023-02-12 14:11:47","2023-02-12 00:00:00","7","0D58a00009HJb4iCAD","00T8a000083EHML","1","I"
"0OD8a000001A6wjGAC","0","00000073","2023-02-12 14:11:47","0058a00000L2IR7AAN","2023-02-12 14:11:47","0058a00000L2IR7AAN","2023-02-12 14:11:47","2023-02-12 00:00:00","7","0D58a00009HM8VDCA1","00T8a000083EigT","1","I"
"0OD8a000001A6wkGAC","0","00000074","2023-02-12 14:11:47","0058a00000L2IR7AAN","2023-02-12 14:11:47","0058a00000L2IR7AAN","2023-02-12 14:11:47","2023-02-12 00:00:00","7","0D58a00009HMAX4CAP","00T8a000083Ek1L","1","I"
"0OD8a000001A6wlGAC","0","00000075","2023-02-12 14:11:47","0058a00000L2IR7AAN","2023-02-12 14:11:47","0058a00000L2IR7AAN","2023-02-12 14:11:47","2023-02-12 00:00:00","7","0D58a00009GlQWBCA3","00T8a000083DMXL","1","I"
"0OD8a000001A6wmGAC","0","00000076","2023-02-12 14:11:47","0058a00000L2IR7AAN","2023-02-12 14:11:47","0058a00000L2IR7AAN","2023-02-12 14:11:47","2023-02-12 00:00:00","7","0D58a00009GZ1XcCAL","00U8a00000pzaBr","1","I"
"0OD8a000001A8HyGAK","0","00000077","2023-02-19 14:24:30","0058a00000L2IR7AAN","2023-02-19 14:24:30","0058a00000L2IR7AAN","2023-02-19 14:24:30","2023-02-19 00:00:00","7","0D58a00009Hh9LICAZ","00T8a000084Q6VK","1","I"
"0OD8a000001A8HzGAK","0","00000078","2023-02-19 14:24:30","0058a00000L2IR7AAN","2023-02-19 14:24:30","0058a00000L2IR7AAN","2023-02-19 14:24:30","2023-02-19 00:00:00","7","0D58a00009HhAmZCAV","00T8a000084Q72F","1","I"
"0OD8a000001A8I0GAK","0","00000079","2023-02-19 14:24:30","0058a00000L2IR7AAN","2023-02-19 14:24:30","0058a00000L2IR7AAN","2023-02-19 14:24:30","2023-02-19 00:00:00","7","0D58a00009HhC5iCAF","00T8a000084Q6Qf","1","I"
"0OD8a000001A8I1GAK","0","00000080","2023-02-19 14:24:30","0058a00000L2IR7AAN","2023-02-19 14:24:30","0058a00000L2IR7AAN","2023-02-19 14:24:30","2023-02-19 00:00:00","7","0D58a00009HhC5mCAF","00T8a000084Q7Gq","1","I"
"0OD8a000001A8I2GAK","0","00000081","2023-02-19 14:24:30","0058a00000L2IR7AAN","2023-02-19 14:24:30","0058a00000L2IR7AAN","2023-02-19 14:24:30","2023-02-19 00:00:00","7","0D58a00009HhCEMCA3","00T8a000084Q6zp","1","I"
"0OD8a000001A8I3GAK","0","00000082","2023-02-19 14:24:30","0058a00000L2IR7AAN","2023-02-19 14:24:30","0058a00000L2IR7AAN","2023-02-19 14:24:30","2023-02-19 00:00:00","7","0D58a00009HhCENCA3","00T8a000084Q6zq","1","I"
"0OD8a000001A8I4GAK","0","00000083","2023-02-19 14:24:30","0058a00000L2IR7AAN","2023-02-19 14:24:30","0058a00000L2IR7AAN","2023-02-19 14:24:30","2023-02-19 00:00:00","7","0D58a00009HhCEOCA3","00T8a000084Q6zr","1","I"
"0OD8a000001A8I6GAK","0","00000085","2023-02-19 14:24:30","0058a00000L2IR7AAN","2023-02-19 14:24:30","0058a00000L2IR7AAN","2023-02-19 14:24:30","2023-02-19 00:00:00","7","0D58a00009HhGVmCAN","00T8a000084Q7Gr","1","I"
"0OD8a000001A8I7GAK","0","00000086","2023-02-19 14:24:30","0058a00000L2IR7AAN","2023-02-19 14:24:30","0058a00000L2IR7AAN","2023-02-19 14:24:30","2023-02-19 00:00:00","7","0D58a00009HhLgWCAV","00T8a000084Q7g5","1","I"
"0OD8a000001A8I8GAK","0","00000087","2023-02-19 14:24:30","0058a00000L2IR7AAN","2023-02-19 14:24:30","0058a00000L2IR7AAN","2023-02-19 14:24:30","2023-02-19 00:00:00","7","0D58a00009IHuMaCAL","00T8a000084QdCN","1","I"
"0OD8a000001A8I9GAK","0","00000088","2023-02-19 14:24:30","0058a00000L2IR7AAN","2023-02-19 14:24:30","0058a00000L2IR7AAN","2023-02-19 14:24:30","2023-02-19 00:00:00","7","0D58a00009IJLi1CAH","00T8a000084QoOz","1","I"
"0OD8a000001A8IAGA0","0","00000089","2023-02-19 14:24:30","0058a00000L2IR7AAN","2023-02-19 14:24:30","0058a00000L2IR7AAN","2023-02-19 14:24:30","2023-02-19 00:00:00","7","0D58a00009IXncFCAT","00T8a000084RMXe","1","I"
"0OD8a000001A8IBGA0","0","00000090","2023-02-19 14:24:30","0058a00000L2IR7AAN","2023-02-19 14:24:30","0058a00000L2IR7AAN","2023-02-19 14:24:30","2023-02-19 00:00:00","7","0D58a00009IXoTMCA1","00T8a000084RQ45","1","I"
"0OD8a000001A8ICGA0","0","00000091","2023-02-19 14:24:30","0058a00000L2IR7AAN","2023-02-19 14:24:30","0058a00000L2IR7AAN","2023-02-19 14:24:30","2023-02-19 00:00:00","7","0D58a00009IXoujCAD","00T8a000084RP6i","1","I"
"0OD8a000001A8IDGA0","0","00000092","2023-02-19 14:24:30","0058a00000L2IR7AAN","2023-02-19 14:24:30","0058a00000L2IR7AAN","2023-02-19 14:24:30","2023-02-19 00:00:00","7","0D58a00009IXoxMCAT","00T8a000084RPy8","1","I"
"0OD8a000001A8IEGA0","0","00000093","2023-02-19 14:24:30","0058a00000L2IR7AAN","2023-02-19 14:24:30","0058a00000L2IR7AAN","2023-02-19 14:24:30","2023-02-19 00:00:00","7","0D58a00009IXpMNCA1","00T8a000084RPwK","1","I"
"0OD8a000001A8IFGA0","0","00000094","2023-02-19 14:24:30","0058a00000L2IR7AAN","2023-02-19 14:24:30","0058a00000L2IR7AAN","2023-02-19 14:24:30","2023-02-19 00:00:00","7","0D58a00009IXpnZCAT","00T8a000084RPrV","1","I"
"0OD8a000001A8IGGA0","0","00000095","2023-02-19 14:24:30","0058a00000L2IR7AAN","2023-02-19 14:24:30","0058a00000L2IR7AAN","2023-02-19 14:24:30","2023-02-19 00:00:00","7","0D58a00009IXpnaCAD","00T8a000084RPrW","1","I"
"0OD8a000001A8IHGA0","0","00000096","2023-02-19 14:24:30","0058a00000L2IR7AAN","2023-02-19 14:24:30","0058a00000L2IR7AAN","2023-02-19 14:24:30","2023-02-19 00:00:00","7","0D58a00009IXyJsCAL","00T8a000084RWQZ","1","I"
"0OD8a000001A8IIGA0","0","00000097","2023-02-19 14:24:30","0058a00000L2IR7AAN","2023-02-19 14:24:30","0058a00000L2IR7AAN","2023-02-19 14:24:30","2023-02-19 00:00:00","7","0D58a00009J0JV9CAN","00T8a000084SJwy","1","I"
"0OD8a000001A8IJGA0","0","00000098","2023-02-19 14:24:30","0058a00000L2IR7AAN","2023-02-19 14:24:30","0058a00000L2IR7AAN","2023-02-19 14:24:30","2023-02-19 00:00:00","7","0D58a00009J0LFfCAN","00T8a000084SK9X","1","I"
"0OD8a000001A8IKGA0","0","00000099","2023-02-19 14:24:30","0058a00000L2IR7AAN","2023-02-19 14:24:30","0058a00000L2IR7AAN","2023-02-19 14:24:30","2023-02-19 00:00:00","7","0D58a00009J27afCAB","00T8a000084wKfD","1","I"
"0OD8a000001A8ILGA0","0","00000100","2023-02-19 14:24:30","0058a00000L2IR7AAN","2023-02-19 14:24:30","0058a00000L2IR7AAN","2023-02-19 14:24:30","2023-02-19 00:00:00","7","0D58a00009J27juCAB","00U8a00000q0FyU","1","I"
"0OD8a000001A8IMGA0","0","00000101","2023-02-19 14:24:30","0058a00000L2IR7AAN","2023-02-19 14:24:30","0058a00000L2IR7AAN","2023-02-19 14:24:30","2023-02-19 00:00:00","7","0D58a00009J27pnCAB","00T8a000084wK7w","1","I"
"0OD8a000001A8IPGA0","0","00000104","2023-02-19 14:24:30","0058a00000L2IR7AAN","2023-02-19 14:24:30","0058a00000L2IR7AAN","2023-02-19 14:24:30","2023-02-19 00:00:00","7","0D58a00009J28B4CAJ","00T8a000084wLCL","1","I"
"0OD8a000001A8IQGA0","0","00000105","2023-02-19 14:24:30","0058a00000L2IR7AAN","2023-02-19 14:24:30","0058a00000L2IR7AAN","2023-02-19 14:24:30","2023-02-19 00:00:00","7","0D58a00009J2E8xCAF","00T8a000084wOxl","1","I"
"0OD8a000001A8IRGA0","0","00000106","2023-02-19 14:24:30","0058a00000L2IR7AAN","2023-02-19 14:24:30","0058a00000L2IR7AAN","2023-02-19 14:24:30","2023-02-19 00:00:00","7","0D58a00009HgbbVCAR","00T8a000084Pg4L","1","I"
"0OD8a000001A9S8GAK","0","00000108","2023-02-26 14:17:14","0058a00000L2IR7AAN","2023-02-26 14:17:14","0058a00000L2IR7AAN","2023-02-26 14:17:14","2023-02-26 00:00:00","7","0D58a00009KS42TCAT","00T8a000085cMlG","1","I"
"0OD8a000001A9S9GAK","0","00000109","2023-02-26 14:17:14","0058a00000L2IR7AAN","2023-02-26 14:17:14","0058a00000L2IR7AAN","2023-02-26 14:17:14","2023-02-26 00:00:00","7","0D58a00009JaMw6CAF","00T8a000084yVdz","1","I"
"0OD8a000001A9SAGA0","0","00000110","2023-02-26 14:17:14","0058a00000L2IR7AAN","2023-02-26 14:17:14","0058a00000L2IR7AAN","2023-02-26 14:17:14","2023-02-26 00:00:00","7","0D58a00009JaPwlCAF","00T8a000084yWNB","1","I"
"0OD8a000001A9SCGA0","0","00000112","2023-02-26 14:17:14","0058a00000L2IR7AAN","2023-02-26 14:17:14","0058a00000L2IR7AAN","2023-02-26 14:17:14","2023-02-26 00:00:00","7","0D58a00009JaU9UCAV","00U8a00000q0Luk","1","I"
"0OD8a000001A9SIGA0","0","00000118","2023-02-26 14:17:14","0058a00000L2IR7AAN","2023-02-26 14:17:14","0058a00000L2IR7AAN","2023-02-26 14:17:14","2023-02-26 00:00:00","7","0D58a00009JaZRiCAN","00T8a000084yWHd","1","I"
"0OD8a000001A9SJGA0","0","00000119","2023-02-26 14:17:14","0058a00000L2IR7AAN","2023-02-26 14:17:14","0058a00000L2IR7AAN","2023-02-26 14:17:14","2023-02-26 00:00:00","7","0D58a00009JabsKCAR","00T8a000084yWCS","1","I"
"0OD8a000001A9SKGA0","0","00000120","2023-02-26 14:17:14","0058a00000L2IR7AAN","2023-02-26 14:17:14","0058a00000L2IR7AAN","2023-02-26 14:17:14","2023-02-26 00:00:00","7","0D58a00009JacN3CAJ","00T8a000084yWDa","1","I"
"0OD8a000001A9SLGA0","0","00000121","2023-02-26 14:17:14","0058a00000L2IR7AAN","2023-02-26 14:17:14","0058a00000L2IR7AAN","2023-02-26 14:17:14","2023-02-26 00:00:00","7","0D58a00009JacrlCAB","00T8a000084yWF2","1","I"
"0OD8a000001A9SNGA0","0","00000123","2023-02-26 14:17:14","0058a00000L2IR7AAN","2023-02-26 14:17:14","0058a00000L2IR7AAN","2023-02-26 14:17:14","2023-02-26 00:00:00","7","0D58a00009JacrnCAB","00U8a00000q0Ltw","1","I"
"0OD8a000001A9SPGA0","0","00000125","2023-02-26 14:17:14","0058a00000L2IR7AAN","2023-02-26 14:17:14","0058a00000L2IR7AAN","2023-02-26 14:17:14","2023-02-26 00:00:00","7","0D58a00009Jah0zCAB","00T8a000084yVTk","1","I"
"0OD8a000001A9SQGA0","0","00000126","2023-02-26 14:17:14","0058a00000L2IR7AAN","2023-02-26 14:17:14","0058a00000L2IR7AAN","2023-02-26 14:17:14","2023-02-26 00:00:00","7","0D58a00009K6cuGCAR","00T8a000084yt2V","1","I"
"0OD8a000001A9SRGA0","0","00000127","2023-02-26 14:17:14","0058a00000L2IR7AAN","2023-02-26 14:17:14","0058a00000L2IR7AAN","2023-02-26 14:17:14","2023-02-26 00:00:00","7","0D58a00009K82ShCAJ","00T8a000084zXHi","1","I"
"0OD8a000001A9SSGA0","0","00000128","2023-02-26 14:17:14","0058a00000L2IR7AAN","2023-02-26 14:17:14","0058a00000L2IR7AAN","2023-02-26 14:17:14","2023-02-26 00:00:00","7","0D58a00009KRABnCAP","00T8a0000850DhT","1","I"
"0OD8a000001A9STGA0","0","00000129","2023-02-26 14:17:14","0058a00000L2IR7AAN","2023-02-26 14:17:14","0058a00000L2IR7AAN","2023-02-26 14:17:14","2023-02-26 00:00:00","7","0D58a00009KRAtDCAX","00T8a0000850CfW","1","I"
"0OD8a000001A9SVGA0","0","00000131","2023-02-26 14:17:14","0058a00000L2IR7AAN","2023-02-26 14:17:14","0058a00000L2IR7AAN","2023-02-26 14:17:14","2023-02-26 00:00:00","7","0D58a00009KRyL0CAL","00T8a000085cIz4","1","I"
"0OD8a000001A9SWGA0","0","00000132","2023-02-26 14:17:14","0058a00000L2IR7AAN","2023-02-26 14:17:14","0058a00000L2IR7AAN","2023-02-26 14:17:14","2023-02-26 00:00:00","7","0D58a00009KRzHzCAL","00T8a000085cKq8","1","I"
"0OD8a000001A9SXGA0","0","00000133","2023-02-26 14:17:14","0058a00000L2IR7AAN","2023-02-26 14:17:14","0058a00000L2IR7AAN","2023-02-26 14:17:14","2023-02-26 00:00:00","7","0D58a00009KRztGCAT","00T8a000085cJdu","1","I"
"0OD8a000001A9SYGA0","0","00000134","2023-02-26 14:17:14","0058a00000L2IR7AAN","2023-02-26 14:17:14","0058a00000L2IR7AAN","2023-02-26 14:17:14","2023-02-26 00:00:00","7","0D58a00009KS089CAD","00T8a000085cKrp","1","I"
"0OD8a000001A9SZGA0","0","00000135","2023-02-26 14:17:14","0058a00000L2IR7AAN","2023-02-26 14:17:14","0058a00000L2IR7AAN","2023-02-26 14:17:14","2023-02-26 00:00:00","7","0D58a00009KS0fiCAD","00T8a000085cKmz","1","I"
"0OD8a000001A9SaGAK","0","00000136","2023-02-26 14:17:14","0058a00000L2IR7AAN","2023-02-26 14:17:14","0058a00000L2IR7AAN","2023-02-26 14:17:14","2023-02-26 00:00:00","7","0D58a00009KS1B1CAL","00T8a000085cKz0","1","I"
"0OD8a000001A9SbGAK","0","00000137","2023-02-26 14:17:14","0058a00000L2IR7AAN","2023-02-26 14:17:14","0058a00000L2IR7AAN","2023-02-26 14:17:14","2023-02-26 00:00:00","7","0D58a00009KS1oVCAT","00T8a000085cMGM","1","I"
"0OD8a000001A9ScGAK","0","00000138","2023-02-26 14:17:14","0058a00000L2IR7AAN","2023-02-26 14:17:14","0058a00000L2IR7AAN","2023-02-26 14:17:14","2023-02-26 00:00:00","7","0D58a00009KS2CJCA1","00T8a000085cMiW","1","I"
"0OD8a000001A9SdGAK","0","00000139","2023-02-26 14:17:14","0058a00000L2IR7AAN","2023-02-26 14:17:14","0058a00000L2IR7AAN","2023-02-26 14:17:14","2023-02-26 00:00:00","7","0D58a00009KS2gaCAD","00T8a000085cMlF","1","I"
"0OD8a000001A9SeGAK","0","00000140","2023-02-26 14:17:14","0058a00000L2IR7AAN","2023-02-26 14:17:14","0058a00000L2IR7AAN","2023-02-26 14:17:14","2023-02-26 00:00:00","7","0D58a00009KS3jQCAT","00T8a000085cKn0","1","I"
"0OD8a000001A9SfGAK","0","00000141","2023-02-26 14:17:14","0058a00000L2IR7AAN","2023-02-26 14:17:14","0058a00000L2IR7AAN","2023-02-26 14:17:14","2023-02-26 00:00:00","7","0D58a00009KS51WCAT","00T8a000085cO6G","1","I"
"0OD8a000001A9SgGAK","0","00000142","2023-02-26 14:17:14","0058a00000L2IR7AAN","2023-02-26 14:17:14","0058a00000L2IR7AAN","2023-02-26 14:17:14","2023-02-26 00:00:00","7","0D58a00009KS8PUCA1","00T8a000085cQ9u","1","I"
"0OD8a000001A9ShGAK","0","00000143","2023-02-26 14:17:14","0058a00000L2IR7AAN","2023-02-26 14:17:14","0058a00000L2IR7AAN","2023-02-26 14:17:14","2023-02-26 00:00:00","7","0D58a00009KSAhICAX","00T8a000085cRFN","1","I"
"0OD8a000001A9SiGAK","0","00000144","2023-02-26 14:17:14","0058a00000L2IR7AAN","2023-02-26 14:17:14","0058a00000L2IR7AAN","2023-02-26 14:17:14","2023-02-26 00:00:00","7","0D58a00009KSBFDCA5","00T8a000085cS6j","1","I"
"0OD8a000001A9SjGAK","0","00000145","2023-02-26 14:17:14","0058a00000L2IR7AAN","2023-02-26 14:17:14","0058a00000L2IR7AAN","2023-02-26 14:17:14","2023-02-26 00:00:00","7","0D58a00009KSBMKCA5","00T8a000085cS5M","1","I"
"0OD8a000001A9SkGAK","0","00000146","2023-02-26 14:17:14","0058a00000L2IR7AAN","2023-02-26 14:17:14","0058a00000L2IR7AAN","2023-02-26 14:17:14","2023-02-26 00:00:00","7","0D58a00009KSBR6CAP","00T8a000085cRun","1","I"
"0OD8a000001A9SlGAK","0","00000147","2023-02-26 14:17:14","0058a00000L2IR7AAN","2023-02-26 14:17:14","0058a00000L2IR7AAN","2023-02-26 14:17:14","2023-02-26 00:00:00","7","0D58a00009KSCy6CAH","00T8a000085cSZ6","1","I"
"0OD8a000001A9SmGAK","0","00000148","2023-02-26 14:17:14","0058a00000L2IR7AAN","2023-02-26 14:17:14","0058a00000L2IR7AAN","2023-02-26 14:17:14","2023-02-26 00:00:00","7","0D58a00009KSDEhCAP","00T8a000085cSxa","1","I"
"0OD8a000001A9SnGAK","0","00000149","2023-02-26 14:17:14","0058a00000L2IR7AAN","2023-02-26 14:17:14","0058a00000L2IR7AAN","2023-02-26 14:17:14","2023-02-26 00:00:00","7","0D58a00009KSDOYCA5","00T8a000085cT3e","1","I"
"0OD8a000001A9SoGAK","0","00000150","2023-02-26 14:17:14","0058a00000L2IR7AAN","2023-02-26 14:17:14","0058a00000L2IR7AAN","2023-02-26 14:17:14","2023-02-26 00:00:00","7","0D58a00009KSDdhCAH","00T8a000085cTBn","1","I"
"0OD8a000001A9SpGAK","0","00000151","2023-02-26 14:17:14","0058a00000L2IR7AAN","2023-02-26 14:17:14","0058a00000L2IR7AAN","2023-02-26 14:17:14","2023-02-26 00:00:00","7","0D58a00009KSUxPCAX","00T8a000085ceTP","1","I"
"0OD8a000001A9SqGAK","0","00000152","2023-02-26 14:17:14","0058a00000L2IR7AAN","2023-02-26 14:17:14","0058a00000L2IR7AAN","2023-02-26 14:17:14","2023-02-26 00:00:00","7","0D58a00009KSgr1CAD","00T8a000085cnhT","1","I"
"0OD8a000001A9SrGAK","0","00000153","2023-02-26 14:17:14","0058a00000L2IR7AAN","2023-02-26 14:17:14","0058a00000L2IR7AAN","2023-02-26 14:17:14","2023-02-26 00:00:00","7","0D58a00009KSgsWCAT","00T8a000085cniL","1","I"
"0OD8a000001A9StGAK","0","00000155","2023-02-26 14:17:14","0058a00000L2IR7AAN","2023-02-26 14:17:14","0058a00000L2IR7AAN","2023-02-26 14:17:14","2023-02-26 00:00:00","7","0D58a00009KTQaWCAX","00U8a00000q0Vd7","1","I"
"0OD8a000001A9SuGAK","0","00000156","2023-02-26 14:17:14","0058a00000L2IR7AAN","2023-02-26 14:17:14","0058a00000L2IR7AAN","2023-02-26 14:17:14","2023-02-26 00:00:00","7","0D58a00009KTQrkCAH","00T8a000085dCh3","1","I"
"0OD8a000001A9SvGAK","0","00000157","2023-02-26 14:17:14","0058a00000L2IR7AAN","2023-02-26 14:17:14","0058a00000L2IR7AAN","2023-02-26 14:17:14","2023-02-26 00:00:00","7","0D58a00009KTRvNCAX","00T8a000085dDxr","1","I"
"0OD8a000001A9SwGAK","0","00000158","2023-02-26 14:17:14","0058a00000L2IR7AAN","2023-02-26 14:17:14","0058a00000L2IR7AAN","2023-02-26 14:17:14","2023-02-26 00:00:00","7","0D58a00009KTS1rCAH","00T8a000085dCtZ","1","I"
"0OD8a000001A9SzGAK","0","00000161","2023-02-26 14:17:14","0058a00000L2IR7AAN","2023-02-26 14:17:14","0058a00000L2IR7AAN","2023-02-26 14:17:14","2023-02-26 00:00:00","7","0D58a00009KTYiqCAH","00T8a000085dGWE","1","I"
"0OD8a000001A9T1GAK","0","00000163","2023-02-26 14:17:14","0058a00000L2IR7AAN","2023-02-26 14:17:14","0058a00000L2IR7AAN","2023-02-26 14:17:14","2023-02-26 00:00:00","7","0D58a00009KTaBlCAL","00T8a000085dI35","1","I"
"0OD8a000001A9T4GAK","0","00000166","2023-02-26 14:17:14","0058a00000L2IR7AAN","2023-02-26 14:17:14","0058a00000L2IR7AAN","2023-02-26 14:17:14","2023-02-26 00:00:00","7","0D58a00009KTcNjCAL","00T8a000085dIRY","1","I"
"0OD8a000001AAkBGAW","0","00000167","2023-03-05 14:17:44","0058a00000L2IR7AAN","2023-03-05 14:17:44","0058a00000L2IR7AAN","2023-03-05 14:17:44","2023-03-05 00:00:00","7","0D58a00009LHprtCAD","00T8a000085fodU","1","I"
"0OD8a000001AAkCGAW","0","00000168","2023-03-05 14:17:44","0058a00000L2IR7AAN","2023-03-05 14:17:44","0058a00000L2IR7AAN","2023-03-05 14:17:44","2023-03-05 00:00:00","7","0D58a00009LHwkYCAT","00T8a000085fseW","1","I"
"0OD8a000001AAkDGAW","0","00000169","2023-03-05 14:17:44","0058a00000L2IR7AAN","2023-03-05 14:17:44","0058a00000L2IR7AAN","2023-03-05 14:17:44","2023-03-05 00:00:00","7","0D58a00009LHwtMCAT","00T8a000085fsop","1","I"
"0OD8a000001AAkEGAW","0","00000170","2023-03-05 14:17:44","0058a00000L2IR7AAN","2023-03-05 14:17:44","0058a00000L2IR7AAN","2023-03-05 14:17:44","2023-03-05 00:00:00","7","0D58a00009LHxK2CAL","00U8a00000q0dWD","1","I"
"0OD8a000001AAkFGAW","0","00000171","2023-03-05 14:17:44","0058a00000L2IR7AAN","2023-03-05 14:17:44","0058a00000L2IR7AAN","2023-03-05 14:17:44","2023-03-05 00:00:00","7","0D58a00009M8MITCA3","00T8a000086Efvz","1","I"
"0OD8a000001AAkIGAW","0","00000174","2023-03-05 14:17:44","0058a00000L2IR7AAN","2023-03-05 14:17:44","0058a00000L2IR7AAN","2023-03-05 14:17:44","2023-03-05 00:00:00","7","0D58a00009MB7tDCAT","00T8a000086G0Gz","1","I"
"0OD8a000001AAkKGAW","0","00000176","2023-03-05 14:17:44","0058a00000L2IR7AAN","2023-03-05 14:17:44","0058a00000L2IR7AAN","2023-03-05 14:17:44","2023-03-05 00:00:00","7","0D58a00009MBB5ICAX","00T8a000086G2Hu","1","I"
"0OD8a000001AAkLGAW","0","00000177","2023-03-05 14:17:44","0058a00000L2IR7AAN","2023-03-05 14:17:44","0058a00000L2IR7AAN","2023-03-05 14:17:44","2023-03-05 00:00:00","7","0D58a00009MBBw4CAH","00T8a000086G3xD","1","I"
"0OD8a000001AAkMGAW","0","00000178","2023-03-05 14:17:44","0058a00000L2IR7AAN","2023-03-05 14:17:44","0058a00000L2IR7AAN","2023-03-05 14:17:44","2023-03-05 00:00:00","7","0D58a00009MBByKCAX","00T8a000086G3zK","1","I"
"0OD8a000001AAkOGAW","0","00000180","2023-03-05 14:17:44","0058a00000L2IR7AAN","2023-03-05 14:17:44","0058a00000L2IR7AAN","2023-03-05 14:17:44","2023-03-05 00:00:00","7","0D58a00009MBCi3CAH","00T8a000086G5VX","1","I"
"0OD8a000001AAkPGAW","0","00000181","2023-03-05 14:17:44","0058a00000L2IR7AAN","2023-03-05 14:17:44","0058a00000L2IR7AAN","2023-03-05 14:17:44","2023-03-05 00:00:00","7","0D58a00009MBDCtCAP","00T8a000086G6jS","1","I"
"0OD8a000001AAkQGAW","0","00000182","2023-03-05 14:17:44","0058a00000L2IR7AAN","2023-03-05 14:17:44","0058a00000L2IR7AAN","2023-03-05 14:17:44","2023-03-05 00:00:00","7","0D58a00009MBDCuCAP","00T8a000086G6jT","1","I"
"0OD8a000001AAkRGAW","0","00000183","2023-03-05 14:17:44","0058a00000L2IR7AAN","2023-03-05 14:17:44","0058a00000L2IR7AAN","2023-03-05 14:17:44","2023-03-05 00:00:00","7","0D58a00009MBDJYCA5","00T8a000086G7OW","1","I"
"0OD8a000001AAkSGAW","0","00000184","2023-03-05 14:17:44","0058a00000L2IR7AAN","2023-03-05 14:17:44","0058a00000L2IR7AAN","2023-03-05 14:17:44","2023-03-05 00:00:00","7","0D58a00009MBDlACAX","00T8a000086G7Dy","1","I"
"0OD8a000001AAkTGAW","0","00000185","2023-03-05 14:17:44","0058a00000L2IR7AAN","2023-03-05 14:17:44","0058a00000L2IR7AAN","2023-03-05 14:17:44","2023-03-05 00:00:00","7","0D58a00009MBEG9CAP","00T8a000086G8L1","1","I"
"0OD8a000001AAkUGAW","0","00000186","2023-03-05 14:17:44","0058a00000L2IR7AAN","2023-03-05 14:17:44","0058a00000L2IR7AAN","2023-03-05 14:17:44","2023-03-05 00:00:00","7","0D58a00009MBEGACA5","00T8a000086G8L4","1","I"
"0OD8a000001AAkVGAW","0","00000187","2023-03-05 14:17:44","0058a00000L2IR7AAN","2023-03-05 14:17:44","0058a00000L2IR7AAN","2023-03-05 14:17:44","2023-03-05 00:00:00","7","0D58a00009LHtc8CAD","00T8a000085fqa0","1","I"
"0OD8a000001AC0OGAW","0","00000188","2023-03-12 13:17:14","0058a00000L2IR7AAN","2023-03-12 13:17:14","0058a00000L2IR7AAN","2023-03-12 13:17:14","2023-03-12 00:00:00","7","0D58a00009NpEjDCAV","00T8a000086yvcC","1","I"
"0OD8a000001AC0PGAW","0","00000189","2023-03-12 13:17:14","0058a00000L2IR7AAN","2023-03-12 13:17:14","0058a00000L2IR7AAN","2023-03-12 13:17:14","2023-03-12 00:00:00","7","0D58a00009NpF3PCAV","00T8a000086yvY0","1","I"
"0OD8a000001AC0QGAW","0","00000190","2023-03-12 13:17:14","0058a00000L2IR7AAN","2023-03-12 13:17:14","0058a00000L2IR7AAN","2023-03-12 13:17:14","2023-03-12 00:00:00","7","0D58a00009NpNAqCAN","00T8a000086yzsZ","1","I"
"0OD8a000001AC0WGAW","0","00000191","2023-03-12 13:17:14","0058a00000L2IR7AAN","2023-03-12 13:17:14","0058a00000L2IR7AAN","2023-03-12 13:17:14","2023-03-12 00:00:00","7","0D58a00009NpQGOCA3","00T8a000086z17y","1","I"
"0OD8a000001AC0XGAW","0","00000192","2023-03-12 13:17:14","0058a00000L2IR7AAN","2023-03-12 13:17:14","0058a00000L2IR7AAN","2023-03-12 13:17:14","2023-03-12 00:00:00","7","0D58a00009NpRr0CAF","00T8a000086z20i","1","I"
"0OD8a000001AC0YGAW","0","00000193","2023-03-12 13:17:14","0058a00000L2IR7AAN","2023-03-12 13:17:14","0058a00000L2IR7AAN","2023-03-12 13:17:14","2023-03-12 00:00:00","7","0D58a00009NpRr3CAF","00T8a000086z20j","1","I"
"0OD8a000001AC0ZGAW","0","00000194","2023-03-12 13:17:14","0058a00000L2IR7AAN","2023-03-12 13:17:14","0058a00000L2IR7AAN","2023-03-12 13:17:14","2023-03-12 00:00:00","7","0D58a00009NpSPLCA3","00T8a000086z2IO","1","I"
"0OD8a000001AC0aGAG","0","00000195","2023-03-12 13:17:14","0058a00000L2IR7AAN","2023-03-12 13:17:14","0058a00000L2IR7AAN","2023-03-12 13:17:14","2023-03-12 00:00:00","7","0D58a00009NpSRICA3","00T8a000086z2VS","1","I"
"0OD8a000001AC0bGAG","0","00000196","2023-03-12 13:17:14","0058a00000L2IR7AAN","2023-03-12 13:17:14","0058a00000L2IR7AAN","2023-03-12 13:17:14","2023-03-12 00:00:00","7","0D58a00009Nrn8qCAB","00T8a0000870M7g","1","I"
"0OD8a000001AC0fGAG","0","00000200","2023-03-12 13:17:14","0058a00000L2IR7AAN","2023-03-12 13:17:14","0058a00000L2IR7AAN","2023-03-12 13:17:14","2023-03-12 00:00:00","7","0D58a00009NroQxCAJ","00T8a0000870Lj0","1","I"
"0OD8a000001AC0gGAG","0","00000201","2023-03-12 13:17:14","0058a00000L2IR7AAN","2023-03-12 13:17:14","0058a00000L2IR7AAN","2023-03-12 13:17:14","2023-03-12 00:00:00","7","0D58a00009NroqWCAR","00T8a0000870M2C","1","I"
"0OD8a000001AC0hGAG","0","00000202","2023-03-12 13:17:14","0058a00000L2IR7AAN","2023-03-12 13:17:14","0058a00000L2IR7AAN","2023-03-12 13:17:14","2023-03-12 00:00:00","7","0D58a00009Nrp9ECAR","00T8a0000870Lj1","1","I"
"0OD8a000001ADDNGA4","0","00000203","2023-03-19 13:16:37","0058a00000L2IR7AAN","2023-03-19 13:16:37","0058a00000L2IR7AAN","2023-03-19 13:16:37","2023-03-19 00:00:00","7","0D58a00009OrAeHCAV","00T8a0000871Y7B","1","I"
"0OD8a000001ADDQGA4","0","00000206","2023-03-19 13:16:37","0058a00000L2IR7AAN","2023-03-19 13:16:37","0058a00000L2IR7AAN","2023-03-19 13:16:37","2023-03-19 00:00:00","7","0D58a00009QNqgICAT","00U8a00000qlQMC","1","I"
"0OD8a000001ADDkGAO","0","00000209","2023-03-19 13:16:37","0058a00000L2IR7AAN","2023-03-19 13:16:37","0058a00000L2IR7AAN","2023-03-19 13:16:37","2023-03-19 00:00:00","7","0D58a00009QNrsZCAT","00T8a000087pD3Y","1","I"
"0OD8a000001ADDlGAO","0","00000210","2023-03-19 13:16:37","0058a00000L2IR7AAN","2023-03-19 13:16:37","0058a00000L2IR7AAN","2023-03-19 13:16:37","2023-03-19 00:00:00","7","0D58a00009QNrztCAD","00T8a000087pDGo","1","I"
"0OD8a000001ADDmGAO","0","00000211","2023-03-19 13:16:37","0058a00000L2IR7AAN","2023-03-19 13:16:37","0058a00000L2IR7AAN","2023-03-19 13:16:37","2023-03-19 00:00:00","7","0D58a00009QNyuhCAD","00T8a000087pKMz","1","I"
"0OD8a000001ADDnGAO","0","00000212","2023-03-19 13:16:37","0058a00000L2IR7AAN","2023-03-19 13:16:37","0058a00000L2IR7AAN","2023-03-19 13:16:37","2023-03-19 00:00:00","7","0D58a00009OrAkFCAV","00T8a0000871Y8Y","1","I"
"0OD8a000001ADDoGAO","0","00000213","2023-03-19 13:16:37","0058a00000L2IR7AAN","2023-03-19 13:16:37","0058a00000L2IR7AAN","2023-03-19 13:16:37","2023-03-19 00:00:00","7","0D58a00009OrAJmCAN","00T8a0000871XNI","1","I"
"0OD8a000001ADDpGAO","0","00000214","2023-03-19 13:16:37","0058a00000L2IR7AAN","2023-03-19 13:16:37","0058a00000L2IR7AAN","2023-03-19 13:16:37","2023-03-19 00:00:00","7","0D58a00009OrAaTCAV","00T8a0000871Y6c","1","I"
"0OD8a000001ADDqGAO","0","00000215","2023-03-19 13:16:37","0058a00000L2IR7AAN","2023-03-19 13:16:37","0058a00000L2IR7AAN","2023-03-19 13:16:37","2023-03-19 00:00:00","7","0D58a00009OrAdiCAF","00T8a0000871Y8s","1","I"
"0OD8a000001AETuGAO","0","00000216","2023-03-26 13:17:19","0058a00000L2IR7AAN","2023-03-26 13:17:19","0058a00000L2IR7AAN","2023-03-26 13:17:19","2023-03-26 00:00:00","7","0D58a00009RAnCoCAL","00T8a000088MInq","1","I"
"0OD8a000001AEVQGA4","0","00000218","2023-03-26 13:17:19","0058a00000L2IR7AAN","2023-03-26 13:17:19","0058a00000L2IR7AAN","2023-03-26 13:17:19","2023-03-26 00:00:00","7","0D58a00009RtYarCAF","00T8a000088NW8I","1","I"
"0OD8a000001AEVRGA4","0","00000219","2023-03-26 13:17:19","0058a00000L2IR7AAN","2023-03-26 13:17:19","0058a00000L2IR7AAN","2023-03-26 13:17:19","2023-03-26 00:00:00","7","0D58a00009RtYzOCAV","00T8a000088NWIZ","1","I"
"0OD8a000001AEVSGA4","0","00000220","2023-03-26 13:17:19","0058a00000L2IR7AAN","2023-03-26 13:17:19","0058a00000L2IR7AAN","2023-03-26 13:17:19","2023-03-26 00:00:00","7","0D58a00009RtZijCAF","00T8a000088NUx6","1","I"
"0OD8a000001AEVTGA4","0","00000221","2023-03-26 13:17:19","0058a00000L2IR7AAN","2023-03-26 13:17:19","0058a00000L2IR7AAN","2023-03-26 13:17:19","2023-03-26 00:00:00","7","0D58a00009Rta5DCAR","00T8a000088NWPG","1","I"
"0OD8a000001AEVUGA4","0","00000222","2023-03-26 13:17:19","0058a00000L2IR7AAN","2023-03-26 13:17:19","0058a00000L2IR7AAN","2023-03-26 13:17:19","2023-03-26 00:00:00","7","0D58a00009RtaU9CAJ","00T8a000088NWVE","1","I"
