"Id","IsDeleted","Name","CreatedDate","CreatedById","LastModifiedDate","LastModifiedById","SystemModstamp","ParentId","Value","Intensity","ExternalId","ModelFactor","LastModifiedTimeOnRecord","IntensityLevel","ExtractionTime","FeatureType","Value2"
"0O98a00000EE2MqCAL","0","00000001","2023-02-11 19:20:14","0058a00000LLuwkAAD","2023-07-27 16:47:18","0058a00000LLuwkAAD","2023-07-27 16:47:18","00Q8a00001uiEr1EAE","false","0.01","","9e807881-58cc-431b-9b20-78d28ee2481f","2023-07-27 16:47:11","NIL","","LeadScoring",""
"0O98a00000EE2MrCAL","0","00000002","2023-02-11 19:20:14","0058a00000LLuwkAAD","2023-07-27 16:47:18","0058a00000LLuwkAAD","2023-07-27 16:47:18","00Q8a00001uiEsDEAU","from a business","0.017","","cd796998-7b93-4226-92b5-2f0c2f1a207c","2023-07-27 16:47:11","NIL","","LeadScoring",""
"0O98a00000EE2MsCAL","0","00000003","2023-02-11 19:20:14","0058a00000LLuwkAAD","2023-07-27 16:47:18","0058a00000LLuwkAAD","2023-07-27 16:47:18","00Q8a00001uiEsDEAU","false","0.01","","9e807881-58cc-431b-9b20-78d28ee2481f","2023-07-27 16:47:11","NIL","","LeadScoring",""
"0O98a00000EE2MtCAL","0","00000004","2023-02-11 19:20:14","0058a00000LLuwkAAD","2023-02-11 19:20:14","0058a00000LLuwkAAD","2023-02-11 19:20:14","00Q8a00001uiEsDEAU","Empty","-0.03804039376108647","","8766859a-acba-4d2f-a601-28a85a3ccc46","2023-02-11 19:20:08","NIL","","LeadScoring",""
"0O98a00000EE2MuCAL","0","00000005","2023-02-11 19:20:14","0058a00000LLuwkAAD","2023-02-11 19:20:14","0058a00000LLuwkAAD","2023-02-11 19:20:14","00Q8a00001uiEsDEAU","Ecuador","-0.014739934177165088","","c4bb5ec1-a1cb-4088-ac2a-c2db31fce6fe","2023-02-11 19:20:08","NIL","","LeadScoring",""
"0O98a00000EE2MvCAL","0","00000006","2023-02-11 19:20:14","0058a00000LLuwkAAD","2023-07-27 16:47:18","0058a00000LLuwkAAD","2023-07-27 16:47:18","00Q8a00001uiEtQEAU","from a business","0.017","","cd796998-7b93-4226-92b5-2f0c2f1a207c","2023-07-27 16:47:11","NIL","","LeadScoring",""
"0O98a00000EE2MwCAL","0","00000007","2023-02-11 19:20:14","0058a00000LLuwkAAD","2023-07-27 16:47:18","0058a00000LLuwkAAD","2023-07-27 16:47:18","00Q8a00001uiEtQEAU","false","0.01","","9e807881-58cc-431b-9b20-78d28ee2481f","2023-07-27 16:47:11","NIL","","LeadScoring",""
"0O98a00000EE2MxCAL","0","00000008","2023-02-11 19:20:14","0058a00000LLuwkAAD","2023-06-27 02:15:49","0058a00000LLuwkAAD","2023-06-27 02:15:49","00Q8a00001uiEuOEAU","Empty","-0.057","","4e20149b-4efb-4502-971c-e4dc31bb8065","2023-06-27 02:15:42","NIL","","LeadScoring",""
"0O98a00000EE2MyCAL","0","00000009","2023-02-11 19:20:14","0058a00000LLuwkAAD","2023-06-27 02:15:49","0058a00000LLuwkAAD","2023-06-27 02:15:49","00Q8a00001uiEuOEAU","Empty","-0.044","","4fac9d23-af93-4678-8957-a599297ae8cf","2023-06-27 02:15:42","NIL","","LeadScoring",""
"0O98a00000EE2MzCAL","0","00000010","2023-02-11 19:20:14","0058a00000LLuwkAAD","2023-06-27 02:15:49","0058a00000LLuwkAAD","2023-06-27 02:15:49","00Q8a00001uiEuOEAU","Ecuador","-0.014","","82e16804-6635-449e-88a4-0eea25110576","2023-06-27 02:15:42","NIL","","LeadScoring",""
"0O98a00000EE2N0CAL","0","00000011","2023-02-11 19:20:14","0058a00000LLuwkAAD","2023-06-27 02:15:49","0058a00000LLuwkAAD","2023-06-27 02:15:49","00Q8a00001uiEuOEAU","Marketing","-0.013","","bc582ed6-76a8-4810-a664-17bda6619532","2023-06-27 02:15:42","NIL","","LeadScoring",""
"0O98a00000EE2N1CAL","0","00000012","2023-02-11 19:20:14","0058a00000LLuwkAAD","2023-07-27 16:47:18","0058a00000LLuwkAAD","2023-07-27 16:47:18","00Q8a00001uiEvCEAU","from a business","0.017","","cd796998-7b93-4226-92b5-2f0c2f1a207c","2023-07-27 16:47:11","NIL","","LeadScoring",""
"0O98a00000EE2N2CAL","0","00000013","2023-02-11 19:20:14","0058a00000LLuwkAAD","2023-07-27 16:47:18","0058a00000LLuwkAAD","2023-07-27 16:47:18","00Q8a00001uiEvCEAU","false","0.01","","9e807881-58cc-431b-9b20-78d28ee2481f","2023-07-27 16:47:11","NIL","","LeadScoring",""
"0O98a00000EE2N3CAL","0","00000014","2023-02-11 19:20:14","0058a00000LLuwkAAD","2023-07-27 16:47:18","0058a00000LLuwkAAD","2023-07-27 16:47:18","00Q8a00001v3ivFEAQ","Empty","-0.049","","c8fc50c1-b17f-41ba-9935-a863886916b2","2023-07-27 16:47:11","NIL","","LeadScoring",""
"0O98a00000EE2N4CAL","0","00000015","2023-02-11 19:20:14","0058a00000LLuwkAAD","2023-07-27 16:47:18","0058a00000LLuwkAAD","2023-07-27 16:47:18","00Q8a00001v3ivFEAQ","Empty","-0.047","","19a8ac8a-c956-4657-ac87-27b3997774d3","2023-07-27 16:47:11","NIL","","LeadScoring",""
"0O98a00000EE2N5CAL","0","00000016","2023-02-11 19:20:14","0058a00000LLuwkAAD","2023-07-27 16:47:18","0058a00000LLuwkAAD","2023-07-27 16:47:18","00Q8a00001v3ivFEAQ","Empty","-0.032","","be0d3e77-852b-42d3-8317-7ef068f6cc0b","2023-07-27 16:47:11","NIL","","LeadScoring",""
"0O98a00000EE2N6CAL","0","00000017","2023-02-11 19:20:14","0058a00000LLuwkAAD","2023-07-27 16:47:18","0058a00000LLuwkAAD","2023-07-27 16:47:18","00Q8a00001v3ivFEAQ","Marketing","-0.012","","93033756-d8ba-42a5-a4bb-bd82591a7450","2023-07-27 16:47:11","NIL","","LeadScoring",""
"0O98a00000EE2N7CAL","0","00000018","2023-02-11 19:20:14","0058a00000LLuwkAAD","2023-07-27 16:47:18","0058a00000LLuwkAAD","2023-07-27 16:47:18","00Q8a00001v3iwXEAQ","from a business","0.017","","cd796998-7b93-4226-92b5-2f0c2f1a207c","2023-07-27 16:47:11","NIL","","LeadScoring",""
"0O98a00000EE2N8CAL","0","00000019","2023-02-11 19:20:14","0058a00000LLuwkAAD","2023-07-27 16:47:18","0058a00000LLuwkAAD","2023-07-27 16:47:18","00Q8a00001v3iwXEAQ","false","0.01","","9e807881-58cc-431b-9b20-78d28ee2481f","2023-07-27 16:47:11","NIL","","LeadScoring",""
"0O98a00000EE2N9CAL","0","00000020","2023-02-11 19:20:14","0058a00000LLuwkAAD","2023-03-26 11:35:21","0058a00000LLuwkAAD","2023-03-26 11:35:21","00Q8a00001v3iwXEAQ","Empty","-0.052","","921c1e71-7229-48c9-aacb-5743fc43d078","2023-03-26 11:35:14","NIL","","LeadScoring",""
"0O98a00000EE2NACA1","0","00000021","2023-02-11 19:20:14","0058a00000LLuwkAAD","2023-02-11 19:20:14","0058a00000LLuwkAAD","2023-02-11 19:20:14","00Q8a00001v3iwXEAQ","Empty","-0.05031739315349539","","a32977d9-f969-40db-b801-df41c2372057","2023-02-11 19:20:08","NIL","","LeadScoring",""
"0O98a00000EE2NBCA1","0","00000022","2023-02-11 19:20:14","0058a00000LLuwkAAD","2023-07-27 16:47:18","0058a00000LLuwkAAD","2023-07-27 16:47:18","00Q8a00001v3ixpEAA","Empty","-0.049","","c8fc50c1-b17f-41ba-9935-a863886916b2","2023-07-27 16:47:11","NIL","","LeadScoring",""
"0O98a00000EE2NCCA1","0","00000023","2023-02-11 19:20:14","0058a00000LLuwkAAD","2023-07-27 16:47:18","0058a00000LLuwkAAD","2023-07-27 16:47:18","00Q8a00001v3ixpEAA","Empty","-0.047","","19a8ac8a-c956-4657-ac87-27b3997774d3","2023-07-27 16:47:11","NIL","","LeadScoring",""
"0O98a00000EE2NDCA1","0","00000024","2023-02-11 19:20:14","0058a00000LLuwkAAD","2023-07-27 16:47:18","0058a00000LLuwkAAD","2023-07-27 16:47:18","00Q8a00001v3ixpEAA","Empty","-0.032","","be0d3e77-852b-42d3-8317-7ef068f6cc0b","2023-07-27 16:47:11","NIL","","LeadScoring",""
"0O98a00000EE2NECA1","0","00000025","2023-02-11 19:20:14","0058a00000LLuwkAAD","2023-07-27 16:47:18","0058a00000LLuwkAAD","2023-07-27 16:47:18","00Q8a00001v3ixpEAA","Marketing","-0.012","","93033756-d8ba-42a5-a4bb-bd82591a7450","2023-07-27 16:47:11","NIL","","LeadScoring",""
"0O98a00000EE2NFCA1","0","00000026","2023-02-11 19:20:14","0058a00000LLuwkAAD","2023-06-27 02:15:49","0058a00000LLuwkAAD","2023-06-27 02:15:49","00Q8a00001v3jbpEAA","false","0.018","","355f630e-d32e-4456-bf84-667b67cf01ca","2023-06-27 02:15:42","NIL","","LeadScoring",""
"0O98a00000EE2NGCA1","0","00000027","2023-02-11 19:20:14","0058a00000LLuwkAAD","2023-06-27 02:15:49","0058a00000LLuwkAAD","2023-06-27 02:15:49","00Q8a00001v3jbpEAA","from a business","0.014","","8f244e09-ad81-4a1d-bd78-351af4ebdbb6","2023-06-27 02:15:42","NIL","","LeadScoring",""
"0O98a00000EE2NHCA1","0","00000028","2023-02-11 19:20:14","0058a00000LLuwkAAD","2023-04-26 01:12:36","0058a00000LLuwkAAD","2023-04-26 01:12:36","00Q8a00001v3jbpEAA","Empty","-0.052","","088d6d06-2f0c-4de2-9420-c66c15a289c3","2023-04-26 01:12:30","NIL","","LeadScoring",""
"0O98a00000EE2NICA1","0","00000029","2023-02-11 19:20:14","0058a00000LLuwkAAD","2023-02-11 19:20:14","0058a00000LLuwkAAD","2023-02-11 19:20:14","00Q8a00001v3jbpEAA","Empty","-0.05031739315349539","","a32977d9-f969-40db-b801-df41c2372057","2023-02-11 19:20:08","NIL","","LeadScoring",""
"0O98a00000EE2NJCA1","0","00000030","2023-02-11 19:20:14","0058a00000LLuwkAAD","2023-06-27 02:15:49","0058a00000LLuwkAAD","2023-06-27 02:15:49","00Q8a00001v3jbqEAA","false","0.018","","355f630e-d32e-4456-bf84-667b67cf01ca","2023-06-27 02:15:42","NIL","","LeadScoring",""
"0O98a00000EE2NKCA1","0","00000031","2023-02-11 19:20:14","0058a00000LLuwkAAD","2023-06-27 02:15:49","0058a00000LLuwkAAD","2023-06-27 02:15:49","00Q8a00001v3jbqEAA","from a business","0.014","","8f244e09-ad81-4a1d-bd78-351af4ebdbb6","2023-06-27 02:15:42","NIL","","LeadScoring",""
"0O98a00000EE2NLCA1","0","00000032","2023-02-11 19:20:14","0058a00000LLuwkAAD","2023-04-26 01:12:36","0058a00000LLuwkAAD","2023-04-26 01:12:36","00Q8a00001v3jbqEAA","Empty","-0.052","","088d6d06-2f0c-4de2-9420-c66c15a289c3","2023-04-26 01:12:30","NIL","","LeadScoring",""
"0O98a00000EE2NMCA1","0","00000033","2023-02-11 19:20:14","0058a00000LLuwkAAD","2023-02-11 19:20:14","0058a00000LLuwkAAD","2023-02-11 19:20:14","00Q8a00001v3jbqEAA","Empty","-0.05031739315349539","","a32977d9-f969-40db-b801-df41c2372057","2023-02-11 19:20:08","NIL","","LeadScoring",""
"0O98a00000EE2NNCA1","0","00000034","2023-02-11 19:20:14","0058a00000LLuwkAAD","2023-06-27 02:15:49","0058a00000LLuwkAAD","2023-06-27 02:15:49","00Q8a00001v3jcsEAA","false","0.018","","355f630e-d32e-4456-bf84-667b67cf01ca","2023-06-27 02:15:42","NIL","","LeadScoring",""
"0O98a00000EE2NOCA1","0","00000035","2023-02-11 19:20:14","0058a00000LLuwkAAD","2023-06-27 02:15:49","0058a00000LLuwkAAD","2023-06-27 02:15:49","00Q8a00001v3jcsEAA","from a business","0.014","","8f244e09-ad81-4a1d-bd78-351af4ebdbb6","2023-06-27 02:15:42","NIL","","LeadScoring",""
"0O98a00000EE2NPCA1","0","00000036","2023-02-11 19:20:14","0058a00000LLuwkAAD","2023-04-26 01:12:36","0058a00000LLuwkAAD","2023-04-26 01:12:36","00Q8a00001v3jcsEAA","Empty","-0.052","","088d6d06-2f0c-4de2-9420-c66c15a289c3","2023-04-26 01:12:30","NIL","","LeadScoring",""
"0O98a00000EE2NQCA1","0","00000037","2023-02-11 19:20:14","0058a00000LLuwkAAD","2023-02-11 19:20:14","0058a00000LLuwkAAD","2023-02-11 19:20:14","00Q8a00001v3jcsEAA","Empty","-0.05031739315349539","","a32977d9-f969-40db-b801-df41c2372057","2023-02-11 19:20:08","NIL","","LeadScoring",""
"0O98a00000EE2NRCA1","0","00000038","2023-02-11 19:20:14","0058a00000LLuwkAAD","2023-08-27 15:03:55","0058a00000LLuwkAAD","2023-08-27 15:03:55","00Q8a00001v4DCPEA2","false","0.012","","ec4c5504-f3f0-4396-b27b-55e0d5b8ccd5","2023-08-27 15:03:47","NIL","","LeadScoring",""
"0O98a00000EE2NSCA1","0","00000039","2023-02-11 19:20:14","0058a00000LLuwkAAD","2023-08-27 15:03:55","0058a00000LLuwkAAD","2023-08-27 15:03:55","00Q8a00001v4DCPEA2","from a business","0.011","","605b17d8-3f51-4a10-8eec-67bc0053f20e","2023-08-27 15:03:47","NIL","","LeadScoring",""
"0O98a00000EE2NTCA1","0","00000040","2023-02-11 19:20:14","0058a00000LLuwkAAD","2023-07-27 16:47:18","0058a00000LLuwkAAD","2023-07-27 16:47:18","00Q8a00001v4DH0EAM","from a business","0.017","","cd796998-7b93-4226-92b5-2f0c2f1a207c","2023-07-27 16:47:11","NIL","","LeadScoring",""
"0O98a00000EE2NUCA1","0","00000041","2023-02-11 19:20:14","0058a00000LLuwkAAD","2023-07-27 16:47:18","0058a00000LLuwkAAD","2023-07-27 16:47:18","00Q8a00001v4DH0EAM","false","0.01","","9e807881-58cc-431b-9b20-78d28ee2481f","2023-07-27 16:47:11","NIL","","LeadScoring",""
"0O98a00000EE2NVCA1","0","00000042","2023-02-11 19:20:14","0058a00000LLuwkAAD","2023-07-27 16:47:18","0058a00000LLuwkAAD","2023-07-27 16:47:18","00Q8a00001v4DJfEAM","from a business","0.017","","cd796998-7b93-4226-92b5-2f0c2f1a207c","2023-07-27 16:47:11","NIL","","LeadScoring",""
"0O98a00000EE2NWCA1","0","00000043","2023-02-11 19:20:14","0058a00000LLuwkAAD","2023-07-27 16:47:18","0058a00000LLuwkAAD","2023-07-27 16:47:18","00Q8a00001v4DJfEAM","false","0.01","","9e807881-58cc-431b-9b20-78d28ee2481f","2023-07-27 16:47:11","NIL","","LeadScoring",""
"0O98a00000EE2NXCA1","0","00000044","2023-02-11 19:20:14","0058a00000LLuwkAAD","2023-07-27 16:47:18","0058a00000LLuwkAAD","2023-07-27 16:47:18","00Q8a00001vC6RZEA0","Empty","-0.049","","c8fc50c1-b17f-41ba-9935-a863886916b2","2023-07-27 16:47:11","NIL","","LeadScoring",""
"0O98a00000EE2NYCA1","0","00000045","2023-02-11 19:20:14","0058a00000LLuwkAAD","2023-07-27 16:47:18","0058a00000LLuwkAAD","2023-07-27 16:47:18","00Q8a00001vC6RZEA0","Empty","-0.047","","19a8ac8a-c956-4657-ac87-27b3997774d3","2023-07-27 16:47:11","NIL","","LeadScoring",""
"0O98a00000EE2NZCA1","0","00000046","2023-02-11 19:20:14","0058a00000LLuwkAAD","2023-07-27 16:47:18","0058a00000LLuwkAAD","2023-07-27 16:47:18","00Q8a00001vC6WeEAK","from a business","0.017","","cd796998-7b93-4226-92b5-2f0c2f1a207c","2023-07-27 16:47:11","NIL","","LeadScoring",""
"0O98a00000EE2NaCAL","0","00000047","2023-02-11 19:20:14","0058a00000LLuwkAAD","2023-07-27 16:47:18","0058a00000LLuwkAAD","2023-07-27 16:47:18","00Q8a00001vC6WeEAK","false","0.01","","9e807881-58cc-431b-9b20-78d28ee2481f","2023-07-27 16:47:11","NIL","","LeadScoring",""
"0O98a00000EE2NbCAL","0","00000048","2023-02-11 19:20:14","0058a00000LLuwkAAD","2023-07-27 16:47:18","0058a00000LLuwkAAD","2023-07-27 16:47:18","00Q8a00001vC6WeEAK","Empty","-0.049","","c8fc50c1-b17f-41ba-9935-a863886916b2","2023-07-27 16:47:11","NIL","","LeadScoring",""
"0O98a00000EE2NcCAL","0","00000049","2023-02-11 19:20:14","0058a00000LLuwkAAD","2023-07-27 16:47:18","0058a00000LLuwkAAD","2023-07-27 16:47:18","00Q8a00001vC6WeEAK","Empty","-0.047","","19a8ac8a-c956-4657-ac87-27b3997774d3","2023-07-27 16:47:11","NIL","","LeadScoring",""
"0O98a00000EE2NdCAL","0","00000050","2023-02-11 19:20:14","0058a00000LLuwkAAD","2023-07-27 16:47:18","0058a00000LLuwkAAD","2023-07-27 16:47:18","00Q8a00001vC6YzEAK","from a business","0.017","","cd796998-7b93-4226-92b5-2f0c2f1a207c","2023-07-27 16:47:11","NIL","","LeadScoring",""
"0O98a00000EE2NeCAL","0","00000051","2023-02-11 19:20:14","0058a00000LLuwkAAD","2023-07-27 16:47:18","0058a00000LLuwkAAD","2023-07-27 16:47:18","00Q8a00001vC6YzEAK","false","0.01","","9e807881-58cc-431b-9b20-78d28ee2481f","2023-07-27 16:47:11","NIL","","LeadScoring",""
"0O98a00000EE2NfCAL","0","00000052","2023-02-11 19:20:14","0058a00000LLuwkAAD","2023-07-27 16:47:18","0058a00000LLuwkAAD","2023-07-27 16:47:18","00Q8a00001vC6YzEAK","Empty","-0.049","","c8fc50c1-b17f-41ba-9935-a863886916b2","2023-07-27 16:47:11","NIL","","LeadScoring",""
"0O98a00000EE2NgCAL","0","00000053","2023-02-11 19:20:14","0058a00000LLuwkAAD","2023-07-27 16:47:18","0058a00000LLuwkAAD","2023-07-27 16:47:18","00Q8a00001vC6YzEAK","Empty","-0.047","","19a8ac8a-c956-4657-ac87-27b3997774d3","2023-07-27 16:47:11","NIL","","LeadScoring",""
"0O98a00000EE2NhCAL","0","00000054","2023-02-11 19:20:14","0058a00000LLuwkAAD","2023-07-27 16:47:18","0058a00000LLuwkAAD","2023-07-27 16:47:18","00Q8a00001vC6aMEAS","from a business","0.017","","cd796998-7b93-4226-92b5-2f0c2f1a207c","2023-07-27 16:47:11","NIL","","LeadScoring",""
"0O98a00000EE2NiCAL","0","00000055","2023-02-11 19:20:14","0058a00000LLuwkAAD","2023-07-27 16:47:18","0058a00000LLuwkAAD","2023-07-27 16:47:18","00Q8a00001vC6aMEAS","false","0.01","","9e807881-58cc-431b-9b20-78d28ee2481f","2023-07-27 16:47:11","NIL","","LeadScoring",""
"0O98a00000EE2NjCAL","0","00000056","2023-02-11 19:20:14","0058a00000LLuwkAAD","2023-07-27 16:47:18","0058a00000LLuwkAAD","2023-07-27 16:47:18","00Q8a00001vC6jJEAS","from a business","0.017","","cd796998-7b93-4226-92b5-2f0c2f1a207c","2023-07-27 16:47:11","NIL","","LeadScoring",""
"0O98a00000EE2NkCAL","0","00000057","2023-02-11 19:20:14","0058a00000LLuwkAAD","2023-07-27 16:47:18","0058a00000LLuwkAAD","2023-07-27 16:47:18","00Q8a00001vC6jJEAS","false","0.01","","9e807881-58cc-431b-9b20-78d28ee2481f","2023-07-27 16:47:11","NIL","","LeadScoring",""
"0O98a00000EE2NlCAL","0","00000058","2023-02-11 19:20:14","0058a00000LLuwkAAD","2023-07-27 16:47:18","0058a00000LLuwkAAD","2023-07-27 16:47:18","00Q8a00001vC6jJEAS","Empty","-0.049","","c8fc50c1-b17f-41ba-9935-a863886916b2","2023-07-27 16:47:11","NIL","","LeadScoring",""
"0O98a00000EE2NmCAL","0","00000059","2023-02-11 19:20:14","0058a00000LLuwkAAD","2023-07-27 16:47:18","0058a00000LLuwkAAD","2023-07-27 16:47:18","00Q8a00001vC6jJEAS","Empty","-0.047","","19a8ac8a-c956-4657-ac87-27b3997774d3","2023-07-27 16:47:11","NIL","","LeadScoring",""
"0O98a00000EE2NnCAL","0","00000060","2023-02-11 19:20:14","0058a00000LLuwkAAD","2023-08-27 15:03:55","0058a00000LLuwkAAD","2023-08-27 15:03:55","00Q8a00001vC6ubEAC","false","0.012","","ec4c5504-f3f0-4396-b27b-55e0d5b8ccd5","2023-08-27 15:03:47","NIL","","LeadScoring",""
"0O98a00000EE2NoCAL","0","00000061","2023-02-11 19:20:14","0058a00000LLuwkAAD","2023-08-27 15:03:55","0058a00000LLuwkAAD","2023-08-27 15:03:55","00Q8a00001vC6ubEAC","from a business","0.011","","605b17d8-3f51-4a10-8eec-67bc0053f20e","2023-08-27 15:03:47","NIL","","LeadScoring",""
"0O98a00000EE2NpCAL","0","00000062","2023-02-11 19:20:14","0058a00000LLuwkAAD","2023-06-27 02:15:49","0058a00000LLuwkAAD","2023-06-27 02:15:49","00Q8a00001vC6ubEAC","Empty","-0.057","","4e20149b-4efb-4502-971c-e4dc31bb8065","2023-06-27 02:15:42","NIL","","LeadScoring",""
"0O98a00000EE2NqCAL","0","00000063","2023-02-11 19:20:14","0058a00000LLuwkAAD","2023-07-27 16:47:18","0058a00000LLuwkAAD","2023-07-27 16:47:18","00Q8a00001vC6ucEAC","Empty","-0.049","","c8fc50c1-b17f-41ba-9935-a863886916b2","2023-07-27 16:47:11","NIL","","LeadScoring",""
"0O98a00000EE2NrCAL","0","00000064","2023-02-11 19:20:14","0058a00000LLuwkAAD","2023-07-27 16:47:18","0058a00000LLuwkAAD","2023-07-27 16:47:18","00Q8a00001vC6ucEAC","Empty","-0.047","","19a8ac8a-c956-4657-ac87-27b3997774d3","2023-07-27 16:47:11","NIL","","LeadScoring",""
"0O98a00000EE2NsCAL","0","00000065","2023-02-11 19:20:14","0058a00000LLuwkAAD","2023-07-27 16:47:18","0058a00000LLuwkAAD","2023-07-27 16:47:18","00Q8a00001vC6ucEAC","DirectorLevel","-0.022","","1b0c6b79-a46c-43a5-ab4f-30926eebde9c","2023-07-27 16:47:11","NIL","","LeadScoring",""
"0O98a00000EE2NtCAL","0","00000066","2023-02-11 19:20:14","0058a00000LLuwkAAD","2023-07-27 16:47:18","0058a00000LLuwkAAD","2023-07-27 16:47:18","00Q8a00001vC6ucEAC","Marketing","-0.012","","93033756-d8ba-42a5-a4bb-bd82591a7450","2023-07-27 16:47:11","NIL","","LeadScoring",""
"0O98a00000EE2NuCAL","0","00000067","2023-02-11 19:20:14","0058a00000LLuwkAAD","2023-07-27 16:47:18","0058a00000LLuwkAAD","2023-07-27 16:47:18","00Q8a00001vC6xmEAC","from a business","0.017","","cd796998-7b93-4226-92b5-2f0c2f1a207c","2023-07-27 16:47:11","NIL","","LeadScoring",""
"0O98a00000EE2NvCAL","0","00000068","2023-02-11 19:20:14","0058a00000LLuwkAAD","2023-07-27 16:47:18","0058a00000LLuwkAAD","2023-07-27 16:47:18","00Q8a00001vC6xmEAC","false","0.01","","9e807881-58cc-431b-9b20-78d28ee2481f","2023-07-27 16:47:11","NIL","","LeadScoring",""
"0O98a00000EE2NwCAL","0","00000069","2023-02-11 19:20:14","0058a00000LLuwkAAD","2023-07-27 16:47:18","0058a00000LLuwkAAD","2023-07-27 16:47:18","00Q8a00001vC6xmEAC","Empty","-0.049","","c8fc50c1-b17f-41ba-9935-a863886916b2","2023-07-27 16:47:11","NIL","","LeadScoring",""
"0O98a00000EE2NxCAL","0","00000070","2023-02-11 19:20:14","0058a00000LLuwkAAD","2023-07-27 16:47:18","0058a00000LLuwkAAD","2023-07-27 16:47:18","00Q8a00001vC6xmEAC","Empty","-0.047","","19a8ac8a-c956-4657-ac87-27b3997774d3","2023-07-27 16:47:11","NIL","","LeadScoring",""
"0O98a00000EE2NyCAL","0","00000071","2023-02-11 19:20:14","0058a00000LLuwkAAD","2023-07-27 16:47:18","0058a00000LLuwkAAD","2023-07-27 16:47:18","00Q8a00001vC75HEAS","Empty","-0.049","","c8fc50c1-b17f-41ba-9935-a863886916b2","2023-07-27 16:47:11","NIL","","LeadScoring",""
"0O98a00000EE2NzCAL","0","00000072","2023-02-11 19:20:14","0058a00000LLuwkAAD","2023-07-27 16:47:18","0058a00000LLuwkAAD","2023-07-27 16:47:18","00Q8a00001vC75HEAS","Empty","-0.047","","19a8ac8a-c956-4657-ac87-27b3997774d3","2023-07-27 16:47:11","NIL","","LeadScoring",""
"0O98a00000EE2O0CAL","0","00000073","2023-02-11 19:20:14","0058a00000LLuwkAAD","2023-07-27 16:47:18","0058a00000LLuwkAAD","2023-07-27 16:47:18","00Q8a00001vC75HEAS","Empty","-0.032","","be0d3e77-852b-42d3-8317-7ef068f6cc0b","2023-07-27 16:47:11","NIL","","LeadScoring",""
"0O98a00000EE2O1CAL","0","00000074","2023-02-11 19:20:14","0058a00000LLuwkAAD","2023-07-27 16:47:18","0058a00000LLuwkAAD","2023-07-27 16:47:18","00Q8a00001vC75HEAS","DirectorLevel","-0.022","","1b0c6b79-a46c-43a5-ab4f-30926eebde9c","2023-07-27 16:47:11","NIL","","LeadScoring",""
"0O98a00000EE2O2CAL","0","00000075","2023-02-11 19:20:14","0058a00000LLuwkAAD","2023-07-27 16:47:18","0058a00000LLuwkAAD","2023-07-27 16:47:18","00Q8a00001vCFSJEA4","from a business","0.017","","cd796998-7b93-4226-92b5-2f0c2f1a207c","2023-07-27 16:47:11","NIL","","LeadScoring",""
"0O98a00000EE2O3CAL","0","00000076","2023-02-11 19:20:14","0058a00000LLuwkAAD","2023-07-27 16:47:18","0058a00000LLuwkAAD","2023-07-27 16:47:18","00Q8a00001vCFSJEA4","false","0.01","","9e807881-58cc-431b-9b20-78d28ee2481f","2023-07-27 16:47:11","NIL","","LeadScoring",""
"0O98a00000EE2O4CAL","0","00000077","2023-02-11 19:20:14","0058a00000LLuwkAAD","2023-07-27 16:47:18","0058a00000LLuwkAAD","2023-07-27 16:47:18","00Q8a00001vCFSJEA4","Empty","-0.049","","c8fc50c1-b17f-41ba-9935-a863886916b2","2023-07-27 16:47:11","NIL","","LeadScoring",""
"0O98a00000EE2O5CAL","0","00000078","2023-02-11 19:20:14","0058a00000LLuwkAAD","2023-07-27 16:47:18","0058a00000LLuwkAAD","2023-07-27 16:47:18","00Q8a00001vCFSJEA4","Empty","-0.047","","19a8ac8a-c956-4657-ac87-27b3997774d3","2023-07-27 16:47:11","NIL","","LeadScoring",""
"0O98a00000EE2O6CAL","0","00000079","2023-02-11 19:20:14","0058a00000LLuwkAAD","2023-07-27 16:47:18","0058a00000LLuwkAAD","2023-07-27 16:47:18","00Q8a00001vCFUAEA4","Empty","-0.049","","c8fc50c1-b17f-41ba-9935-a863886916b2","2023-07-27 16:47:11","NIL","","LeadScoring",""
"0O98a00000EE2O7CAL","0","00000080","2023-02-11 19:20:14","0058a00000LLuwkAAD","2023-07-27 16:47:18","0058a00000LLuwkAAD","2023-07-27 16:47:18","00Q8a00001vCFUAEA4","Empty","-0.047","","19a8ac8a-c956-4657-ac87-27b3997774d3","2023-07-27 16:47:11","NIL","","LeadScoring",""
"0O98a00000EE2O8CAL","0","00000081","2023-02-11 19:20:14","0058a00000LLuwkAAD","2023-07-27 16:47:18","0058a00000LLuwkAAD","2023-07-27 16:47:18","00Q8a00001vCFUAEA4","Empty","-0.032","","be0d3e77-852b-42d3-8317-7ef068f6cc0b","2023-07-27 16:47:11","NIL","","LeadScoring",""
"0O98a00000EE2O9CAL","0","00000082","2023-02-11 19:20:14","0058a00000LLuwkAAD","2023-07-27 16:47:18","0058a00000LLuwkAAD","2023-07-27 16:47:18","00Q8a00001vCFUAEA4","Marketing","-0.012","","93033756-d8ba-42a5-a4bb-bd82591a7450","2023-07-27 16:47:11","NIL","","LeadScoring",""
"0O98a00000EE2ndCAD","0","00000083","2023-02-13 12:02:12","0058a00000LLuwkAAD","2023-02-13 12:02:12","0058a00000LLuwkAAD","2023-02-13 12:02:12","00Q8a00001uiEr1EAE","false","0.018","","82ff7008-d062-4aa9-ae3c-9be7c26b2eab","2023-02-13 12:02:06","NIL","","LeadScoring",""
"0O98a00000EE2neCAD","0","00000084","2023-02-13 12:02:12","0058a00000LLuwkAAD","2023-02-13 12:02:12","0058a00000LLuwkAAD","2023-02-13 12:02:12","00Q8a00001uiEtQEAU","from a business","0.02","","a806e0be-8f44-490e-8b8d-e707842f57a5","2023-02-13 12:02:06","NIL","","LeadScoring",""
"0O98a00000EE2nfCAD","0","00000085","2023-02-13 12:02:12","0058a00000LLuwkAAD","2023-02-13 12:02:12","0058a00000LLuwkAAD","2023-02-13 12:02:12","00Q8a00001uiEtQEAU","false","0.018","","82ff7008-d062-4aa9-ae3c-9be7c26b2eab","2023-02-13 12:02:06","NIL","","LeadScoring",""
"0O98a00000EE2ngCAD","0","00000086","2023-02-13 12:02:12","0058a00000LLuwkAAD","2023-02-13 12:02:12","0058a00000LLuwkAAD","2023-02-13 12:02:12","00Q8a00001uiEuOEAU","Empty","-0.053","","d21ccc0c-9eb3-474b-9f44-6e6476d74c6f","2023-02-13 12:02:06","NIL","","LeadScoring",""
"0O98a00000EE2nhCAD","0","00000087","2023-02-13 12:02:12","0058a00000LLuwkAAD","2023-02-13 12:02:12","0058a00000LLuwkAAD","2023-02-13 12:02:12","00Q8a00001uiEuOEAU","Empty","-0.051","","a774697a-d861-4b93-a1bc-5128e42bddcf","2023-02-13 12:02:06","NIL","","LeadScoring",""
"0O98a00000EE2niCAD","0","00000088","2023-02-13 12:02:12","0058a00000LLuwkAAD","2023-02-13 12:02:12","0058a00000LLuwkAAD","2023-02-13 12:02:12","00Q8a00001uiEuOEAU","Empty","-0.038","","71400782-e96f-4b7e-b32d-576fe4525cbf","2023-02-13 12:02:06","NIL","","LeadScoring",""
"0O98a00000EE2njCAD","0","00000089","2023-02-13 12:02:12","0058a00000LLuwkAAD","2023-02-13 12:02:12","0058a00000LLuwkAAD","2023-02-13 12:02:12","00Q8a00001uiEuOEAU","Marketing","-0.017","","8283b3f6-93d3-4274-a74e-8e1951008bed","2023-02-13 12:02:06","NIL","","LeadScoring",""
"0O98a00000EE2nkCAD","0","00000090","2023-02-13 12:02:12","0058a00000LLuwkAAD","2023-02-13 12:02:12","0058a00000LLuwkAAD","2023-02-13 12:02:12","00Q8a00001uiEvCEAU","from a business","0.02","","a806e0be-8f44-490e-8b8d-e707842f57a5","2023-02-13 12:02:06","NIL","","LeadScoring",""
"0O98a00000EE2nlCAD","0","00000091","2023-02-13 12:02:12","0058a00000LLuwkAAD","2023-02-13 12:02:12","0058a00000LLuwkAAD","2023-02-13 12:02:12","00Q8a00001uiEvCEAU","false","0.018","","82ff7008-d062-4aa9-ae3c-9be7c26b2eab","2023-02-13 12:02:06","NIL","","LeadScoring",""
"0O98a00000EE2nmCAD","0","00000092","2023-02-13 12:02:12","0058a00000LLuwkAAD","2023-02-13 12:02:12","0058a00000LLuwkAAD","2023-02-13 12:02:12","00Q8a00001v3iwXEAQ","from a business","0.02","","a806e0be-8f44-490e-8b8d-e707842f57a5","2023-02-13 12:02:06","NIL","","LeadScoring",""
"0O98a00000EE2nnCAD","0","00000093","2023-02-13 12:02:12","0058a00000LLuwkAAD","2023-02-13 12:02:12","0058a00000LLuwkAAD","2023-02-13 12:02:12","00Q8a00001v3iwXEAQ","false","0.018","","82ff7008-d062-4aa9-ae3c-9be7c26b2eab","2023-02-13 12:02:06","NIL","","LeadScoring",""
"0O98a00000EE2noCAD","0","00000094","2023-02-13 12:02:12","0058a00000LLuwkAAD","2023-02-13 12:02:12","0058a00000LLuwkAAD","2023-02-13 12:02:12","00Q8a00001v3iwXEAQ","Empty","-0.053","","d21ccc0c-9eb3-474b-9f44-6e6476d74c6f","2023-02-13 12:02:06","NIL","","LeadScoring",""
"0O98a00000EE2npCAD","0","00000095","2023-02-13 12:02:12","0058a00000LLuwkAAD","2023-02-13 12:02:12","0058a00000LLuwkAAD","2023-02-13 12:02:12","00Q8a00001v3iwXEAQ","Empty","-0.051","","a774697a-d861-4b93-a1bc-5128e42bddcf","2023-02-13 12:02:06","NIL","","LeadScoring",""
"0O98a00000EE2nqCAD","0","00000096","2023-02-13 12:02:12","0058a00000LLuwkAAD","2023-02-13 12:02:12","0058a00000LLuwkAAD","2023-02-13 12:02:12","00Q8a00001v3jbpEAA","from a business","0.02","","a806e0be-8f44-490e-8b8d-e707842f57a5","2023-02-13 12:02:06","NIL","","LeadScoring",""
"0O98a00000EE2nrCAD","0","00000097","2023-02-13 12:02:12","0058a00000LLuwkAAD","2023-02-13 12:02:12","0058a00000LLuwkAAD","2023-02-13 12:02:12","00Q8a00001v3jbpEAA","false","0.018","","82ff7008-d062-4aa9-ae3c-9be7c26b2eab","2023-02-13 12:02:06","NIL","","LeadScoring",""
"0O98a00000EE2nsCAD","0","00000098","2023-02-13 12:02:12","0058a00000LLuwkAAD","2023-02-13 12:02:12","0058a00000LLuwkAAD","2023-02-13 12:02:12","00Q8a00001v3jbpEAA","Empty","-0.053","","d21ccc0c-9eb3-474b-9f44-6e6476d74c6f","2023-02-13 12:02:06","NIL","","LeadScoring",""
"0O98a00000EE2ntCAD","0","00000099","2023-02-13 12:02:12","0058a00000LLuwkAAD","2023-02-13 12:02:12","0058a00000LLuwkAAD","2023-02-13 12:02:12","00Q8a00001v3jbpEAA","Empty","-0.051","","a774697a-d861-4b93-a1bc-5128e42bddcf","2023-02-13 12:02:06","NIL","","LeadScoring",""
"0O98a00000EE2nuCAD","0","00000100","2023-02-13 12:02:12","0058a00000LLuwkAAD","2023-02-13 12:02:12","0058a00000LLuwkAAD","2023-02-13 12:02:12","00Q8a00001v3jbqEAA","from a business","0.02","","a806e0be-8f44-490e-8b8d-e707842f57a5","2023-02-13 12:02:06","NIL","","LeadScoring",""
"0O98a00000EE2nvCAD","0","00000101","2023-02-13 12:02:12","0058a00000LLuwkAAD","2023-02-13 12:02:12","0058a00000LLuwkAAD","2023-02-13 12:02:12","00Q8a00001v3jbqEAA","false","0.018","","82ff7008-d062-4aa9-ae3c-9be7c26b2eab","2023-02-13 12:02:06","NIL","","LeadScoring",""
"0O98a00000EE2nwCAD","0","00000102","2023-02-13 12:02:12","0058a00000LLuwkAAD","2023-02-13 12:02:12","0058a00000LLuwkAAD","2023-02-13 12:02:12","00Q8a00001v3jbqEAA","Empty","-0.053","","d21ccc0c-9eb3-474b-9f44-6e6476d74c6f","2023-02-13 12:02:06","NIL","","LeadScoring",""
"0O98a00000EE2nxCAD","0","00000103","2023-02-13 12:02:12","0058a00000LLuwkAAD","2023-02-13 12:02:12","0058a00000LLuwkAAD","2023-02-13 12:02:12","00Q8a00001v3jbqEAA","Empty","-0.051","","a774697a-d861-4b93-a1bc-5128e42bddcf","2023-02-13 12:02:06","NIL","","LeadScoring",""
"0O98a00000EE2nyCAD","0","00000104","2023-02-13 12:02:12","0058a00000LLuwkAAD","2023-02-13 12:02:12","0058a00000LLuwkAAD","2023-02-13 12:02:12","00Q8a00001v3jcsEAA","from a business","0.02","","a806e0be-8f44-490e-8b8d-e707842f57a5","2023-02-13 12:02:06","NIL","","LeadScoring",""
"0O98a00000EE2nzCAD","0","00000105","2023-02-13 12:02:12","0058a00000LLuwkAAD","2023-02-13 12:02:12","0058a00000LLuwkAAD","2023-02-13 12:02:12","00Q8a00001v3jcsEAA","false","0.018","","82ff7008-d062-4aa9-ae3c-9be7c26b2eab","2023-02-13 12:02:06","NIL","","LeadScoring",""
"0O98a00000EE2o0CAD","0","00000106","2023-02-13 12:02:12","0058a00000LLuwkAAD","2023-02-13 12:02:12","0058a00000LLuwkAAD","2023-02-13 12:02:12","00Q8a00001v3jcsEAA","Empty","-0.053","","d21ccc0c-9eb3-474b-9f44-6e6476d74c6f","2023-02-13 12:02:06","NIL","","LeadScoring",""
"0O98a00000EE2o1CAD","0","00000107","2023-02-13 12:02:12","0058a00000LLuwkAAD","2023-02-13 12:02:12","0058a00000LLuwkAAD","2023-02-13 12:02:12","00Q8a00001v3jcsEAA","Empty","-0.051","","a774697a-d861-4b93-a1bc-5128e42bddcf","2023-02-13 12:02:06","NIL","","LeadScoring",""
"0O98a00000EE2o2CAD","0","00000108","2023-02-13 12:02:12","0058a00000LLuwkAAD","2023-02-13 12:02:12","0058a00000LLuwkAAD","2023-02-13 12:02:12","00Q8a00001v4DH0EAM","from a business","0.02","","a806e0be-8f44-490e-8b8d-e707842f57a5","2023-02-13 12:02:06","NIL","","LeadScoring",""
"0O98a00000EE2o3CAD","0","00000109","2023-02-13 12:02:12","0058a00000LLuwkAAD","2023-02-13 12:02:12","0058a00000LLuwkAAD","2023-02-13 12:02:12","00Q8a00001v4DH0EAM","false","0.018","","82ff7008-d062-4aa9-ae3c-9be7c26b2eab","2023-02-13 12:02:06","NIL","","LeadScoring",""
"0O98a00000EE2o4CAD","0","00000110","2023-02-13 12:02:12","0058a00000LLuwkAAD","2023-02-13 12:02:12","0058a00000LLuwkAAD","2023-02-13 12:02:12","00Q8a00001v4DJfEAM","from a business","0.02","","a806e0be-8f44-490e-8b8d-e707842f57a5","2023-02-13 12:02:06","NIL","","LeadScoring",""
"0O98a00000EE2o5CAD","0","00000111","2023-02-13 12:02:12","0058a00000LLuwkAAD","2023-02-13 12:02:12","0058a00000LLuwkAAD","2023-02-13 12:02:12","00Q8a00001v4DJfEAM","false","0.018","","82ff7008-d062-4aa9-ae3c-9be7c26b2eab","2023-02-13 12:02:06","NIL","","LeadScoring",""
"0O98a00000EE2o6CAD","0","00000112","2023-02-13 12:02:12","0058a00000LLuwkAAD","2023-02-13 12:02:12","0058a00000LLuwkAAD","2023-02-13 12:02:12","00Q8a00001vC6RZEA0","from a business","0.02","","a806e0be-8f44-490e-8b8d-e707842f57a5","2023-02-13 12:02:06","NIL","","LeadScoring",""
"0O98a00000EE2o7CAD","0","00000113","2023-02-13 12:02:12","0058a00000LLuwkAAD","2023-02-13 12:02:12","0058a00000LLuwkAAD","2023-02-13 12:02:12","00Q8a00001vC6RZEA0","false","0.018","","82ff7008-d062-4aa9-ae3c-9be7c26b2eab","2023-02-13 12:02:06","NIL","","LeadScoring",""
"0O98a00000EE2o8CAD","0","00000114","2023-02-13 12:02:12","0058a00000LLuwkAAD","2023-02-13 12:02:12","0058a00000LLuwkAAD","2023-02-13 12:02:12","00Q8a00001vC6WeEAK","from a business","0.02","","a806e0be-8f44-490e-8b8d-e707842f57a5","2023-02-13 12:02:06","NIL","","LeadScoring",""
"0O98a00000EE2o9CAD","0","00000115","2023-02-13 12:02:12","0058a00000LLuwkAAD","2023-02-13 12:02:12","0058a00000LLuwkAAD","2023-02-13 12:02:12","00Q8a00001vC6WeEAK","false","0.018","","82ff7008-d062-4aa9-ae3c-9be7c26b2eab","2023-02-13 12:02:06","NIL","","LeadScoring",""
"0O98a00000EE2oACAT","0","00000116","2023-02-13 12:02:12","0058a00000LLuwkAAD","2023-02-13 12:02:12","0058a00000LLuwkAAD","2023-02-13 12:02:12","00Q8a00001vC6WeEAK","Empty","-0.053","","d21ccc0c-9eb3-474b-9f44-6e6476d74c6f","2023-02-13 12:02:06","NIL","","LeadScoring",""
"0O98a00000EE2oBCAT","0","00000117","2023-02-13 12:02:12","0058a00000LLuwkAAD","2023-02-13 12:02:12","0058a00000LLuwkAAD","2023-02-13 12:02:12","00Q8a00001vC6WeEAK","Empty","-0.051","","a774697a-d861-4b93-a1bc-5128e42bddcf","2023-02-13 12:02:06","NIL","","LeadScoring",""
"0O98a00000EE2oCCAT","0","00000118","2023-02-13 12:02:12","0058a00000LLuwkAAD","2023-02-13 12:02:12","0058a00000LLuwkAAD","2023-02-13 12:02:12","00Q8a00001vC6YzEAK","from a business","0.02","","a806e0be-8f44-490e-8b8d-e707842f57a5","2023-02-13 12:02:06","NIL","","LeadScoring",""
"0O98a00000EE2oDCAT","0","00000119","2023-02-13 12:02:12","0058a00000LLuwkAAD","2023-02-13 12:02:12","0058a00000LLuwkAAD","2023-02-13 12:02:12","00Q8a00001vC6YzEAK","false","0.018","","82ff7008-d062-4aa9-ae3c-9be7c26b2eab","2023-02-13 12:02:06","NIL","","LeadScoring",""
"0O98a00000EE2oECAT","0","00000120","2023-02-13 12:02:12","0058a00000LLuwkAAD","2023-02-13 12:02:12","0058a00000LLuwkAAD","2023-02-13 12:02:12","00Q8a00001vC6YzEAK","Empty","-0.053","","d21ccc0c-9eb3-474b-9f44-6e6476d74c6f","2023-02-13 12:02:06","NIL","","LeadScoring",""
"0O98a00000EE2oFCAT","0","00000121","2023-02-13 12:02:12","0058a00000LLuwkAAD","2023-02-13 12:02:12","0058a00000LLuwkAAD","2023-02-13 12:02:12","00Q8a00001vC6YzEAK","Empty","-0.051","","a774697a-d861-4b93-a1bc-5128e42bddcf","2023-02-13 12:02:06","NIL","","LeadScoring",""
"0O98a00000EE2oGCAT","0","00000122","2023-02-13 12:02:12","0058a00000LLuwkAAD","2023-02-13 12:02:12","0058a00000LLuwkAAD","2023-02-13 12:02:12","00Q8a00001vC6aMEAS","from a business","0.02","","a806e0be-8f44-490e-8b8d-e707842f57a5","2023-02-13 12:02:06","NIL","","LeadScoring",""
"0O98a00000EE2oHCAT","0","00000123","2023-02-13 12:02:12","0058a00000LLuwkAAD","2023-02-13 12:02:12","0058a00000LLuwkAAD","2023-02-13 12:02:12","00Q8a00001vC6aMEAS","false","0.018","","82ff7008-d062-4aa9-ae3c-9be7c26b2eab","2023-02-13 12:02:06","NIL","","LeadScoring",""
"0O98a00000EE2oICAT","0","00000124","2023-02-13 12:02:12","0058a00000LLuwkAAD","2023-02-13 12:02:12","0058a00000LLuwkAAD","2023-02-13 12:02:12","00Q8a00001vC6aMEAS","Empty","-0.053","","d21ccc0c-9eb3-474b-9f44-6e6476d74c6f","2023-02-13 12:02:06","NIL","","LeadScoring",""
"0O98a00000EE2oJCAT","0","00000125","2023-02-13 12:02:12","0058a00000LLuwkAAD","2023-02-13 12:02:12","0058a00000LLuwkAAD","2023-02-13 12:02:12","00Q8a00001vC6aMEAS","Empty","-0.051","","a774697a-d861-4b93-a1bc-5128e42bddcf","2023-02-13 12:02:06","NIL","","LeadScoring",""
"0O98a00000EE2oKCAT","0","00000126","2023-02-13 12:02:12","0058a00000LLuwkAAD","2023-02-13 12:02:12","0058a00000LLuwkAAD","2023-02-13 12:02:12","00Q8a00001vC6jJEAS","from a business","0.02","","a806e0be-8f44-490e-8b8d-e707842f57a5","2023-02-13 12:02:06","NIL","","LeadScoring",""
"0O98a00000EE2oLCAT","0","00000127","2023-02-13 12:02:12","0058a00000LLuwkAAD","2023-02-13 12:02:12","0058a00000LLuwkAAD","2023-02-13 12:02:12","00Q8a00001vC6jJEAS","false","0.018","","82ff7008-d062-4aa9-ae3c-9be7c26b2eab","2023-02-13 12:02:06","NIL","","LeadScoring",""
"0O98a00000EE2oMCAT","0","00000128","2023-02-13 12:02:12","0058a00000LLuwkAAD","2023-02-13 12:02:12","0058a00000LLuwkAAD","2023-02-13 12:02:12","00Q8a00001vC6jJEAS","Empty","-0.053","","d21ccc0c-9eb3-474b-9f44-6e6476d74c6f","2023-02-13 12:02:06","NIL","","LeadScoring",""
"0O98a00000EE2oNCAT","0","00000129","2023-02-13 12:02:12","0058a00000LLuwkAAD","2023-02-13 12:02:12","0058a00000LLuwkAAD","2023-02-13 12:02:12","00Q8a00001vC6jJEAS","Empty","-0.051","","a774697a-d861-4b93-a1bc-5128e42bddcf","2023-02-13 12:02:06","NIL","","LeadScoring",""
"0O98a00000EE2oOCAT","0","00000130","2023-02-13 12:02:12","0058a00000LLuwkAAD","2023-02-13 12:02:12","0058a00000LLuwkAAD","2023-02-13 12:02:12","00Q8a00001vC6ubEAC","Empty","-0.053","","d21ccc0c-9eb3-474b-9f44-6e6476d74c6f","2023-02-13 12:02:06","NIL","","LeadScoring",""
"0O98a00000EE2oPCAT","0","00000131","2023-02-13 12:02:12","0058a00000LLuwkAAD","2023-02-13 12:02:12","0058a00000LLuwkAAD","2023-02-13 12:02:12","00Q8a00001vC6ubEAC","Empty","-0.051","","a774697a-d861-4b93-a1bc-5128e42bddcf","2023-02-13 12:02:06","NIL","","LeadScoring",""
"0O98a00000EE2oQCAT","0","00000132","2023-02-13 12:02:12","0058a00000LLuwkAAD","2023-02-13 12:02:12","0058a00000LLuwkAAD","2023-02-13 12:02:12","00Q8a00001vC6ubEAC","Ecuador","-0.014","","a543d9ad-bdc4-437c-bb2b-97d06a640f65","2023-02-13 12:02:06","NIL","","LeadScoring",""
"0O98a00000EE2oRCAT","0","00000133","2023-02-13 12:02:12","0058a00000LLuwkAAD","2023-02-13 12:02:12","0058a00000LLuwkAAD","2023-02-13 12:02:12","00Q8a00001vC6ucEAC","Empty","-0.053","","d21ccc0c-9eb3-474b-9f44-6e6476d74c6f","2023-02-13 12:02:06","NIL","","LeadScoring",""
"0O98a00000EE2oSCAT","0","00000134","2023-02-13 12:02:12","0058a00000LLuwkAAD","2023-02-13 12:02:12","0058a00000LLuwkAAD","2023-02-13 12:02:12","00Q8a00001vC6ucEAC","Empty","-0.051","","a774697a-d861-4b93-a1bc-5128e42bddcf","2023-02-13 12:02:06","NIL","","LeadScoring",""
"0O98a00000EE2oTCAT","0","00000135","2023-02-13 12:02:12","0058a00000LLuwkAAD","2023-02-13 12:02:12","0058a00000LLuwkAAD","2023-02-13 12:02:12","00Q8a00001vC6ucEAC","Empty","-0.038","","71400782-e96f-4b7e-b32d-576fe4525cbf","2023-02-13 12:02:06","NIL","","LeadScoring",""
"0O98a00000EE2oUCAT","0","00000136","2023-02-13 12:02:12","0058a00000LLuwkAAD","2023-02-13 12:02:12","0058a00000LLuwkAAD","2023-02-13 12:02:12","00Q8a00001vC6ucEAC","DirectorLevel","-0.026","","1fdc325e-4545-415f-9246-d0b422ab32c5","2023-02-13 12:02:06","NIL","","LeadScoring",""
"0O98a00000EE2oVCAT","0","00000137","2023-02-13 12:02:12","0058a00000LLuwkAAD","2023-02-13 12:02:12","0058a00000LLuwkAAD","2023-02-13 12:02:12","00Q8a00001vC6xmEAC","from a business","0.02","","a806e0be-8f44-490e-8b8d-e707842f57a5","2023-02-13 12:02:06","NIL","","LeadScoring",""
"0O98a00000EE2oWCAT","0","00000138","2023-02-13 12:02:12","0058a00000LLuwkAAD","2023-02-13 12:02:12","0058a00000LLuwkAAD","2023-02-13 12:02:12","00Q8a00001vC6xmEAC","false","0.018","","82ff7008-d062-4aa9-ae3c-9be7c26b2eab","2023-02-13 12:02:06","NIL","","LeadScoring",""
"0O98a00000EE2oXCAT","0","00000139","2023-02-13 12:02:12","0058a00000LLuwkAAD","2023-02-13 12:02:12","0058a00000LLuwkAAD","2023-02-13 12:02:12","00Q8a00001vCFSJEA4","from a business","0.02","","a806e0be-8f44-490e-8b8d-e707842f57a5","2023-02-13 12:02:06","NIL","","LeadScoring",""
"0O98a00000EE2oYCAT","0","00000140","2023-02-13 12:02:12","0058a00000LLuwkAAD","2023-02-13 12:02:12","0058a00000LLuwkAAD","2023-02-13 12:02:12","00Q8a00001vCFSJEA4","false","0.018","","82ff7008-d062-4aa9-ae3c-9be7c26b2eab","2023-02-13 12:02:06","NIL","","LeadScoring",""
"0O98a00000EE2oZCAT","0","00000141","2023-02-13 12:02:12","0058a00000LLuwkAAD","2023-02-13 12:02:12","0058a00000LLuwkAAD","2023-02-13 12:02:12","00Q8a00001vCFSJEA4","Empty","-0.053","","d21ccc0c-9eb3-474b-9f44-6e6476d74c6f","2023-02-13 12:02:06","NIL","","LeadScoring",""
"0O98a00000EE2oaCAD","0","00000142","2023-02-13 12:02:12","0058a00000LLuwkAAD","2023-02-13 12:02:12","0058a00000LLuwkAAD","2023-02-13 12:02:12","00Q8a00001vCFSJEA4","Empty","-0.051","","a774697a-d861-4b93-a1bc-5128e42bddcf","2023-02-13 12:02:06","NIL","","LeadScoring",""
"0O98a00000EE3xuCAD","0","00000143","2023-02-15 22:10:17","0058a00000LLuwkAAD","2023-02-15 22:10:17","0058a00000LLuwkAAD","2023-02-15 22:10:17","00Q8a00001v5CInEAM","from a business","0.02","","a806e0be-8f44-490e-8b8d-e707842f57a5","2023-02-15 22:10:12","NIL","","LeadScoring",""
"0O98a00000EE3xvCAD","0","00000144","2023-02-15 22:10:17","0058a00000LLuwkAAD","2023-02-15 22:10:17","0058a00000LLuwkAAD","2023-02-15 22:10:17","00Q8a00001v5CInEAM","false","0.018","","82ff7008-d062-4aa9-ae3c-9be7c26b2eab","2023-02-15 22:10:12","NIL","","LeadScoring",""
"0O98a00000EE3xwCAD","0","00000145","2023-02-15 22:10:17","0058a00000LLuwkAAD","2023-02-15 22:10:17","0058a00000LLuwkAAD","2023-02-15 22:10:17","00Q8a00001v5CInEAM","Empty","-0.053","","d21ccc0c-9eb3-474b-9f44-6e6476d74c6f","2023-02-15 22:10:12","NIL","","LeadScoring",""
"0O98a00000EE3xxCAD","0","00000146","2023-02-15 22:10:17","0058a00000LLuwkAAD","2023-02-15 22:10:17","0058a00000LLuwkAAD","2023-02-15 22:10:17","00Q8a00001v5CInEAM","Empty","-0.051","","a774697a-d861-4b93-a1bc-5128e42bddcf","2023-02-15 22:10:12","NIL","","LeadScoring",""
"0O98a00000EE4L1CAL","0","00000147","2023-02-19 20:52:52","0058a00000LLuwkAAD","2023-02-19 20:52:52","0058a00000LLuwkAAD","2023-02-19 20:52:52","00Q8a00001v5CInEAM","from a business","0.02","","a806e0be-8f44-490e-8b8d-e707842f57a5","2023-02-19 20:52:49","NIL","","LeadScoring",""
"0O98a00000EE4L2CAL","0","00000148","2023-02-19 20:52:52","0058a00000LLuwkAAD","2023-02-19 20:52:52","0058a00000LLuwkAAD","2023-02-19 20:52:52","00Q8a00001v5CInEAM","false","0.018","","82ff7008-d062-4aa9-ae3c-9be7c26b2eab","2023-02-19 20:52:49","NIL","","LeadScoring",""
"0O98a00000EE4L3CAL","0","00000149","2023-02-19 20:52:52","0058a00000LLuwkAAD","2023-02-19 20:52:52","0058a00000LLuwkAAD","2023-02-19 20:52:52","00Q8a00001v5CInEAM","Empty","-0.053","","d21ccc0c-9eb3-474b-9f44-6e6476d74c6f","2023-02-19 20:52:49","NIL","","LeadScoring",""
"0O98a00000EE4L4CAL","0","00000150","2023-02-19 20:52:52","0058a00000LLuwkAAD","2023-02-19 20:52:52","0058a00000LLuwkAAD","2023-02-19 20:52:52","00Q8a00001v5CInEAM","Empty","-0.051","","a774697a-d861-4b93-a1bc-5128e42bddcf","2023-02-19 20:52:49","NIL","","LeadScoring",""
"0O98a00000EE4nBCAT","0","00000151","2023-02-24 00:54:53","0058a00000LLuwkAAD","2023-06-27 02:15:49","0058a00000LLuwkAAD","2023-06-27 02:15:49","00Q8a00001uiEr1EAE","false","0.018","","355f630e-d32e-4456-bf84-667b67cf01ca","2023-06-27 02:15:42","NIL","","LeadScoring",""
"0O98a00000EE4nCCAT","0","00000152","2023-02-24 00:54:53","0058a00000LLuwkAAD","2023-06-27 02:15:49","0058a00000LLuwkAAD","2023-06-27 02:15:49","00Q8a00001uiEr1EAE","Empty","-0.057","","4e20149b-4efb-4502-971c-e4dc31bb8065","2023-06-27 02:15:42","NIL","","LeadScoring",""
"0O98a00000EE4nDCAT","0","00000153","2023-02-24 00:54:53","0058a00000LLuwkAAD","2023-06-27 02:15:49","0058a00000LLuwkAAD","2023-06-27 02:15:49","00Q8a00001uiEr1EAE","Empty","-0.044","","4fac9d23-af93-4678-8957-a599297ae8cf","2023-06-27 02:15:42","NIL","","LeadScoring",""
"0O98a00000EE4nECAT","0","00000154","2023-02-24 00:54:53","0058a00000LLuwkAAD","2023-06-27 02:15:49","0058a00000LLuwkAAD","2023-06-27 02:15:49","00Q8a00001uiEsDEAU","false","0.018","","355f630e-d32e-4456-bf84-667b67cf01ca","2023-06-27 02:15:42","NIL","","LeadScoring",""
"0O98a00000EE4nFCAT","0","00000155","2023-02-24 00:54:53","0058a00000LLuwkAAD","2023-06-27 02:15:49","0058a00000LLuwkAAD","2023-06-27 02:15:49","00Q8a00001uiEsDEAU","from a business","0.014","","8f244e09-ad81-4a1d-bd78-351af4ebdbb6","2023-06-27 02:15:42","NIL","","LeadScoring",""
"0O98a00000EE4nGCAT","0","00000156","2023-02-24 00:54:53","0058a00000LLuwkAAD","2023-06-27 02:15:49","0058a00000LLuwkAAD","2023-06-27 02:15:49","00Q8a00001uiEtQEAU","false","0.018","","355f630e-d32e-4456-bf84-667b67cf01ca","2023-06-27 02:15:42","NIL","","LeadScoring",""
"0O98a00000EE4nHCAT","0","00000157","2023-02-24 00:54:53","0058a00000LLuwkAAD","2023-06-27 02:15:49","0058a00000LLuwkAAD","2023-06-27 02:15:49","00Q8a00001uiEtQEAU","from a business","0.014","","8f244e09-ad81-4a1d-bd78-351af4ebdbb6","2023-06-27 02:15:42","NIL","","LeadScoring",""
"0O98a00000EE4nICAT","0","00000158","2023-02-24 00:54:53","0058a00000LLuwkAAD","2023-07-27 16:47:18","0058a00000LLuwkAAD","2023-07-27 16:47:18","00Q8a00001uiEuOEAU","Empty","-0.049","","c8fc50c1-b17f-41ba-9935-a863886916b2","2023-07-27 16:47:11","NIL","","LeadScoring",""
"0O98a00000EE4nJCAT","0","00000159","2023-02-24 00:54:53","0058a00000LLuwkAAD","2023-07-27 16:47:18","0058a00000LLuwkAAD","2023-07-27 16:47:18","00Q8a00001uiEuOEAU","Empty","-0.047","","19a8ac8a-c956-4657-ac87-27b3997774d3","2023-07-27 16:47:11","NIL","","LeadScoring",""
"0O98a00000EE4nKCAT","0","00000160","2023-02-24 00:54:53","0058a00000LLuwkAAD","2023-07-27 16:47:18","0058a00000LLuwkAAD","2023-07-27 16:47:18","00Q8a00001uiEuOEAU","Empty","-0.032","","be0d3e77-852b-42d3-8317-7ef068f6cc0b","2023-07-27 16:47:11","NIL","","LeadScoring",""
"0O98a00000EE4nLCAT","0","00000161","2023-02-24 00:54:53","0058a00000LLuwkAAD","2023-07-27 16:47:18","0058a00000LLuwkAAD","2023-07-27 16:47:18","00Q8a00001uiEuOEAU","Marketing","-0.012","","93033756-d8ba-42a5-a4bb-bd82591a7450","2023-07-27 16:47:11","NIL","","LeadScoring",""
"0O98a00000EE4nMCAT","0","00000162","2023-02-24 00:54:53","0058a00000LLuwkAAD","2023-06-27 02:15:49","0058a00000LLuwkAAD","2023-06-27 02:15:49","00Q8a00001uiEvCEAU","Empty","-0.057","","4e20149b-4efb-4502-971c-e4dc31bb8065","2023-06-27 02:15:42","NIL","","LeadScoring",""
"0O98a00000EE4nNCAT","0","00000163","2023-02-24 00:54:53","0058a00000LLuwkAAD","2023-06-27 02:15:49","0058a00000LLuwkAAD","2023-06-27 02:15:49","00Q8a00001uiEvCEAU","Empty","-0.044","","4fac9d23-af93-4678-8957-a599297ae8cf","2023-06-27 02:15:42","NIL","","LeadScoring",""
"0O98a00000EE4nOCAT","0","00000164","2023-02-24 00:54:53","0058a00000LLuwkAAD","2023-06-27 02:15:49","0058a00000LLuwkAAD","2023-06-27 02:15:49","00Q8a00001uiEvCEAU","Ecuador","-0.014","","82e16804-6635-449e-88a4-0eea25110576","2023-06-27 02:15:42","NIL","","LeadScoring",""
"0O98a00000EE4nPCAT","0","00000165","2023-02-24 00:54:53","0058a00000LLuwkAAD","2023-02-24 00:54:53","0058a00000LLuwkAAD","2023-02-24 00:54:53","00Q8a00001uiEvCEAU","Empty","-0.048","","b98a9bab-097b-4e17-962a-d747459a8d2b","2023-02-24 00:54:46","NIL","","LeadScoring",""
"0O98a00000EE4nQCAT","0","00000166","2023-02-24 00:54:53","0058a00000LLuwkAAD","2023-06-27 02:15:49","0058a00000LLuwkAAD","2023-06-27 02:15:49","00Q8a00001v3ivFEAQ","false","0.018","","355f630e-d32e-4456-bf84-667b67cf01ca","2023-06-27 02:15:42","NIL","","LeadScoring",""
"0O98a00000EE4nRCAT","0","00000167","2023-02-24 00:54:53","0058a00000LLuwkAAD","2023-06-27 02:15:49","0058a00000LLuwkAAD","2023-06-27 02:15:49","00Q8a00001v3ivFEAQ","from a business","0.014","","8f244e09-ad81-4a1d-bd78-351af4ebdbb6","2023-06-27 02:15:42","NIL","","LeadScoring",""
"0O98a00000EE4nSCAT","0","00000168","2023-02-24 00:54:53","0058a00000LLuwkAAD","2023-06-27 02:15:49","0058a00000LLuwkAAD","2023-06-27 02:15:49","00Q8a00001v3ivFEAQ","Empty","-0.057","","4e20149b-4efb-4502-971c-e4dc31bb8065","2023-06-27 02:15:42","NIL","","LeadScoring",""
"0O98a00000EE4nTCAT","0","00000169","2023-02-24 00:54:53","0058a00000LLuwkAAD","2023-06-27 02:15:49","0058a00000LLuwkAAD","2023-06-27 02:15:49","00Q8a00001v3ivFEAQ","Empty","-0.044","","4fac9d23-af93-4678-8957-a599297ae8cf","2023-06-27 02:15:42","NIL","","LeadScoring",""
"0O98a00000EE4nUCAT","0","00000170","2023-02-24 00:54:53","0058a00000LLuwkAAD","2023-06-27 02:15:49","0058a00000LLuwkAAD","2023-06-27 02:15:49","00Q8a00001v3iwXEAQ","false","0.018","","355f630e-d32e-4456-bf84-667b67cf01ca","2023-06-27 02:15:42","NIL","","LeadScoring",""
"0O98a00000EE4nVCAT","0","00000171","2023-02-24 00:54:53","0058a00000LLuwkAAD","2023-06-27 02:15:49","0058a00000LLuwkAAD","2023-06-27 02:15:49","00Q8a00001v3iwXEAQ","from a business","0.014","","8f244e09-ad81-4a1d-bd78-351af4ebdbb6","2023-06-27 02:15:42","NIL","","LeadScoring",""
"0O98a00000EE4nWCAT","0","00000172","2023-02-24 00:54:53","0058a00000LLuwkAAD","2023-06-27 02:15:49","0058a00000LLuwkAAD","2023-06-27 02:15:49","00Q8a00001v3iwXEAQ","Empty","-0.057","","4e20149b-4efb-4502-971c-e4dc31bb8065","2023-06-27 02:15:42","NIL","","LeadScoring",""
"0O98a00000EE4nXCAT","0","00000173","2023-02-24 00:54:53","0058a00000LLuwkAAD","2023-06-27 02:15:49","0058a00000LLuwkAAD","2023-06-27 02:15:49","00Q8a00001v3iwXEAQ","Empty","-0.044","","4fac9d23-af93-4678-8957-a599297ae8cf","2023-06-27 02:15:42","NIL","","LeadScoring",""
"0O98a00000EE4nYCAT","0","00000174","2023-02-24 00:54:53","0058a00000LLuwkAAD","2023-06-27 02:15:49","0058a00000LLuwkAAD","2023-06-27 02:15:49","00Q8a00001v3ixpEAA","false","0.018","","355f630e-d32e-4456-bf84-667b67cf01ca","2023-06-27 02:15:42","NIL","","LeadScoring",""
"0O98a00000EE4nZCAT","0","00000175","2023-02-24 00:54:53","0058a00000LLuwkAAD","2023-06-27 02:15:49","0058a00000LLuwkAAD","2023-06-27 02:15:49","00Q8a00001v3ixpEAA","from a business","0.014","","8f244e09-ad81-4a1d-bd78-351af4ebdbb6","2023-06-27 02:15:42","NIL","","LeadScoring",""
"0O98a00000EE4naCAD","0","00000176","2023-02-24 00:54:53","0058a00000LLuwkAAD","2023-06-27 02:15:49","0058a00000LLuwkAAD","2023-06-27 02:15:49","00Q8a00001v3ixpEAA","Empty","-0.057","","4e20149b-4efb-4502-971c-e4dc31bb8065","2023-06-27 02:15:42","NIL","","LeadScoring",""
"0O98a00000EE4nbCAD","0","00000177","2023-02-24 00:54:53","0058a00000LLuwkAAD","2023-06-27 02:15:49","0058a00000LLuwkAAD","2023-06-27 02:15:49","00Q8a00001v3ixpEAA","Empty","-0.044","","4fac9d23-af93-4678-8957-a599297ae8cf","2023-06-27 02:15:42","NIL","","LeadScoring",""
"0O98a00000EE4ncCAD","0","00000178","2023-02-24 00:54:53","0058a00000LLuwkAAD","2023-08-27 15:03:55","0058a00000LLuwkAAD","2023-08-27 15:03:55","00Q8a00001v4DH0EAM","false","0.012","","ec4c5504-f3f0-4396-b27b-55e0d5b8ccd5","2023-08-27 15:03:47","NIL","","LeadScoring",""
"0O98a00000EE4ndCAD","0","00000179","2023-02-24 00:54:53","0058a00000LLuwkAAD","2023-08-27 15:03:55","0058a00000LLuwkAAD","2023-08-27 15:03:55","00Q8a00001v4DH0EAM","from a business","0.011","","605b17d8-3f51-4a10-8eec-67bc0053f20e","2023-08-27 15:03:47","NIL","","LeadScoring",""
"0O98a00000EE4neCAD","0","00000180","2023-02-24 00:54:53","0058a00000LLuwkAAD","2023-08-27 15:03:55","0058a00000LLuwkAAD","2023-08-27 15:03:55","00Q8a00001v4DJfEAM","false","0.012","","ec4c5504-f3f0-4396-b27b-55e0d5b8ccd5","2023-08-27 15:03:47","NIL","","LeadScoring",""
"0O98a00000EE4nfCAD","0","00000181","2023-02-24 00:54:53","0058a00000LLuwkAAD","2023-08-27 15:03:55","0058a00000LLuwkAAD","2023-08-27 15:03:55","00Q8a00001v4DJfEAM","from a business","0.011","","605b17d8-3f51-4a10-8eec-67bc0053f20e","2023-08-27 15:03:47","NIL","","LeadScoring",""
"0O98a00000EE4ngCAD","0","00000182","2023-02-24 00:54:53","0058a00000LLuwkAAD","2023-08-27 15:03:55","0058a00000LLuwkAAD","2023-08-27 15:03:55","00Q8a00001v4DJfEAM","Empty","-0.051","","16124bb1-1ec0-4379-95f3-575eeb8bb672","2023-08-27 15:03:47","NIL","","LeadScoring",""
"0O98a00000EE4nhCAD","0","00000183","2023-02-24 00:54:53","0058a00000LLuwkAAD","2023-08-27 15:03:55","0058a00000LLuwkAAD","2023-08-27 15:03:55","00Q8a00001v4DJfEAM","Empty","-0.05","","a338f1b9-6fa7-488e-85e6-e6ef67a25a08","2023-08-27 15:03:47","NIL","","LeadScoring",""
"0O98a00000EE4niCAD","0","00000184","2023-02-24 00:54:53","0058a00000LLuwkAAD","2023-08-27 15:03:55","0058a00000LLuwkAAD","2023-08-27 15:03:55","00Q8a00001v5CInEAM","Empty","-0.051","","16124bb1-1ec0-4379-95f3-575eeb8bb672","2023-08-27 15:03:47","NIL","","LeadScoring",""
"0O98a00000EE4njCAD","0","00000185","2023-02-24 00:54:53","0058a00000LLuwkAAD","2023-08-27 15:03:55","0058a00000LLuwkAAD","2023-08-27 15:03:55","00Q8a00001v5CInEAM","Empty","-0.05","","a338f1b9-6fa7-488e-85e6-e6ef67a25a08","2023-08-27 15:03:47","NIL","","LeadScoring",""
"0O98a00000EE4nkCAD","0","00000186","2023-02-24 00:54:53","0058a00000LLuwkAAD","2023-08-27 15:03:55","0058a00000LLuwkAAD","2023-08-27 15:03:55","00Q8a00001v5CInEAM","Ecuador","-0.012","","9bc3749a-3a95-4b69-97ff-b50e376aa4d7","2023-08-27 15:03:47","NIL","","LeadScoring",""
"0O98a00000EE4nlCAD","0","00000187","2023-02-24 00:54:53","0058a00000LLuwkAAD","2023-08-27 15:03:55","0058a00000LLuwkAAD","2023-08-27 15:03:55","00Q8a00001v6Qq4EAE","Empty","-0.051","","16124bb1-1ec0-4379-95f3-575eeb8bb672","2023-08-27 15:03:47","NIL","","LeadScoring",""
"0O98a00000EE4nmCAD","0","00000188","2023-02-24 00:54:53","0058a00000LLuwkAAD","2023-08-27 15:03:55","0058a00000LLuwkAAD","2023-08-27 15:03:55","00Q8a00001v6Qq4EAE","Empty","-0.05","","a338f1b9-6fa7-488e-85e6-e6ef67a25a08","2023-08-27 15:03:47","NIL","","LeadScoring",""
"0O98a00000EE4nnCAD","0","00000189","2023-02-24 00:54:53","0058a00000LLuwkAAD","2023-08-27 15:03:55","0058a00000LLuwkAAD","2023-08-27 15:03:55","00Q8a00001v6Qq4EAE","Ecuador","-0.012","","9bc3749a-3a95-4b69-97ff-b50e376aa4d7","2023-08-27 15:03:47","NIL","","LeadScoring",""
"0O98a00000EE4noCAD","0","00000190","2023-02-24 00:54:53","0058a00000LLuwkAAD","2023-02-24 00:54:53","0058a00000LLuwkAAD","2023-02-24 00:54:53","00Q8a00001v6Qq4EAE","Ecuador","-0.012","","09b167fa-be35-41f5-8897-e1b2d0f607dd","2023-02-24 00:54:46","NIL","","LeadScoring",""
"0O98a00000EE4npCAD","0","00000191","2023-02-24 00:54:53","0058a00000LLuwkAAD","2023-07-27 16:47:18","0058a00000LLuwkAAD","2023-07-27 16:47:18","00Q8a00001v6X6tEAE","from a business","0.017","","cd796998-7b93-4226-92b5-2f0c2f1a207c","2023-07-27 16:47:11","NIL","","LeadScoring",""
"0O98a00000EE4nqCAD","0","00000192","2023-02-24 00:54:53","0058a00000LLuwkAAD","2023-07-27 16:47:18","0058a00000LLuwkAAD","2023-07-27 16:47:18","00Q8a00001v6X6tEAE","false","0.01","","9e807881-58cc-431b-9b20-78d28ee2481f","2023-07-27 16:47:11","NIL","","LeadScoring",""
"0O98a00000EE4nrCAD","0","00000193","2023-02-24 00:54:53","0058a00000LLuwkAAD","2023-02-24 00:54:53","0058a00000LLuwkAAD","2023-02-24 00:54:53","00Q8a00001v6X6tEAE","Ecuador","-0.012","","09b167fa-be35-41f5-8897-e1b2d0f607dd","2023-02-24 00:54:46","NIL","","LeadScoring",""
"0O98a00000EE4nsCAD","0","00000194","2023-02-24 00:54:53","0058a00000LLuwkAAD","2023-07-27 16:47:18","0058a00000LLuwkAAD","2023-07-27 16:47:18","00Q8a00001v6X9NEAU","Empty","-0.049","","c8fc50c1-b17f-41ba-9935-a863886916b2","2023-07-27 16:47:11","NIL","","LeadScoring",""
"0O98a00000EE4ntCAD","0","00000195","2023-02-24 00:54:53","0058a00000LLuwkAAD","2023-07-27 16:47:18","0058a00000LLuwkAAD","2023-07-27 16:47:18","00Q8a00001v6X9NEAU","Empty","-0.047","","19a8ac8a-c956-4657-ac87-27b3997774d3","2023-07-27 16:47:11","NIL","","LeadScoring",""
"0O98a00000EE4nuCAD","0","00000196","2023-02-24 00:54:53","0058a00000LLuwkAAD","2023-08-27 15:03:55","0058a00000LLuwkAAD","2023-08-27 15:03:55","00Q8a00001v6Xr4EAE","false","0.012","","ec4c5504-f3f0-4396-b27b-55e0d5b8ccd5","2023-08-27 15:03:47","NIL","","LeadScoring",""
"0O98a00000EE4nvCAD","0","00000197","2023-02-24 00:54:53","0058a00000LLuwkAAD","2023-08-27 15:03:55","0058a00000LLuwkAAD","2023-08-27 15:03:55","00Q8a00001v6Xr4EAE","from a business","0.011","","605b17d8-3f51-4a10-8eec-67bc0053f20e","2023-08-27 15:03:47","NIL","","LeadScoring",""
"0O98a00000EE4nwCAD","0","00000198","2023-02-24 00:54:53","0058a00000LLuwkAAD","2023-08-27 15:03:55","0058a00000LLuwkAAD","2023-08-27 15:03:55","00Q8a00001v6Xr4EAE","Empty","-0.051","","16124bb1-1ec0-4379-95f3-575eeb8bb672","2023-08-27 15:03:47","NIL","","LeadScoring",""
"0O98a00000EE4nxCAD","0","00000199","2023-02-24 00:54:53","0058a00000LLuwkAAD","2023-08-27 15:03:55","0058a00000LLuwkAAD","2023-08-27 15:03:55","00Q8a00001v6Xr4EAE","Empty","-0.05","","a338f1b9-6fa7-488e-85e6-e6ef67a25a08","2023-08-27 15:03:47","NIL","","LeadScoring",""
"0O98a00000EE4nyCAD","0","00000200","2023-02-24 00:54:53","0058a00000LLuwkAAD","2023-06-27 02:15:49","0058a00000LLuwkAAD","2023-06-27 02:15:49","00Q8a00001vC6WeEAK","false","0.018","","355f630e-d32e-4456-bf84-667b67cf01ca","2023-06-27 02:15:42","NIL","","LeadScoring",""
"0O98a00000EE4nzCAD","0","00000201","2023-02-24 00:54:53","0058a00000LLuwkAAD","2023-06-27 02:15:49","0058a00000LLuwkAAD","2023-06-27 02:15:49","00Q8a00001vC6WeEAK","from a business","0.014","","8f244e09-ad81-4a1d-bd78-351af4ebdbb6","2023-06-27 02:15:42","NIL","","LeadScoring",""
"0O98a00000EE4o0CAD","0","00000202","2023-02-24 00:54:53","0058a00000LLuwkAAD","2023-06-27 02:15:49","0058a00000LLuwkAAD","2023-06-27 02:15:49","00Q8a00001vC6YzEAK","false","0.018","","355f630e-d32e-4456-bf84-667b67cf01ca","2023-06-27 02:15:42","NIL","","LeadScoring",""
"0O98a00000EE4o1CAD","0","00000203","2023-02-24 00:54:53","0058a00000LLuwkAAD","2023-06-27 02:15:49","0058a00000LLuwkAAD","2023-06-27 02:15:49","00Q8a00001vC6YzEAK","from a business","0.014","","8f244e09-ad81-4a1d-bd78-351af4ebdbb6","2023-06-27 02:15:42","NIL","","LeadScoring",""
"0O98a00000EE4o2CAD","0","00000204","2023-02-24 00:54:53","0058a00000LLuwkAAD","2023-06-27 02:15:49","0058a00000LLuwkAAD","2023-06-27 02:15:49","00Q8a00001vC6aMEAS","false","0.018","","355f630e-d32e-4456-bf84-667b67cf01ca","2023-06-27 02:15:42","NIL","","LeadScoring",""
"0O98a00000EE4o3CAD","0","00000205","2023-02-24 00:54:53","0058a00000LLuwkAAD","2023-06-27 02:15:49","0058a00000LLuwkAAD","2023-06-27 02:15:49","00Q8a00001vC6aMEAS","from a business","0.014","","8f244e09-ad81-4a1d-bd78-351af4ebdbb6","2023-06-27 02:15:42","NIL","","LeadScoring",""
"0O98a00000EE4o4CAD","0","00000206","2023-02-24 00:54:53","0058a00000LLuwkAAD","2023-08-27 15:03:55","0058a00000LLuwkAAD","2023-08-27 15:03:55","00Q8a00001vC6jJEAS","Empty","-0.051","","16124bb1-1ec0-4379-95f3-575eeb8bb672","2023-08-27 15:03:47","NIL","","LeadScoring",""
"0O98a00000EE4o5CAD","0","00000207","2023-02-24 00:54:53","0058a00000LLuwkAAD","2023-08-27 15:03:55","0058a00000LLuwkAAD","2023-08-27 15:03:55","00Q8a00001vC6jJEAS","Empty","-0.05","","a338f1b9-6fa7-488e-85e6-e6ef67a25a08","2023-08-27 15:03:47","NIL","","LeadScoring",""
"0O98a00000EE4o6CAD","0","00000208","2023-02-24 00:54:53","0058a00000LLuwkAAD","2023-07-27 16:47:18","0058a00000LLuwkAAD","2023-07-27 16:47:18","00Q8a00001vC6ubEAC","from a business","0.017","","cd796998-7b93-4226-92b5-2f0c2f1a207c","2023-07-27 16:47:11","NIL","","LeadScoring",""
"0O98a00000EE4o7CAD","0","00000209","2023-02-24 00:54:53","0058a00000LLuwkAAD","2023-07-27 16:47:18","0058a00000LLuwkAAD","2023-07-27 16:47:18","00Q8a00001vC6ubEAC","false","0.01","","9e807881-58cc-431b-9b20-78d28ee2481f","2023-07-27 16:47:11","NIL","","LeadScoring",""
"0O98a00000EE4o8CAD","0","00000210","2023-02-24 00:54:53","0058a00000LLuwkAAD","2023-07-27 16:47:18","0058a00000LLuwkAAD","2023-07-27 16:47:18","00Q8a00001vC6ubEAC","Empty","-0.049","","c8fc50c1-b17f-41ba-9935-a863886916b2","2023-07-27 16:47:11","NIL","","LeadScoring",""
"0O98a00000EE4o9CAD","0","00000211","2023-02-24 00:54:53","0058a00000LLuwkAAD","2023-07-27 16:47:18","0058a00000LLuwkAAD","2023-07-27 16:47:18","00Q8a00001vC6ubEAC","Empty","-0.047","","19a8ac8a-c956-4657-ac87-27b3997774d3","2023-07-27 16:47:11","NIL","","LeadScoring",""
"0O98a00000EE4oACAT","0","00000212","2023-02-24 00:54:53","0058a00000LLuwkAAD","2023-06-27 02:15:49","0058a00000LLuwkAAD","2023-06-27 02:15:49","00Q8a00001vC6ucEAC","Empty","-0.057","","4e20149b-4efb-4502-971c-e4dc31bb8065","2023-06-27 02:15:42","NIL","","LeadScoring",""
"0O98a00000EE4oBCAT","0","00000213","2023-02-24 00:54:53","0058a00000LLuwkAAD","2023-06-27 02:15:49","0058a00000LLuwkAAD","2023-06-27 02:15:49","00Q8a00001vC6ucEAC","Empty","-0.044","","4fac9d23-af93-4678-8957-a599297ae8cf","2023-06-27 02:15:42","NIL","","LeadScoring",""
"0O98a00000EE4oCCAT","0","00000214","2023-02-24 00:54:53","0058a00000LLuwkAAD","2023-06-27 02:15:49","0058a00000LLuwkAAD","2023-06-27 02:15:49","00Q8a00001vC6ucEAC","DirectorLevel","-0.022","","adf6930e-b176-4e6a-b4b5-e6baf93ecf7d","2023-06-27 02:15:42","NIL","","LeadScoring",""
"0O98a00000EE4oDCAT","0","00000215","2023-02-24 00:54:53","0058a00000LLuwkAAD","2023-06-27 02:15:49","0058a00000LLuwkAAD","2023-06-27 02:15:49","00Q8a00001vC6ucEAC","Ecuador","-0.014","","82e16804-6635-449e-88a4-0eea25110576","2023-06-27 02:15:42","NIL","","LeadScoring",""
"0O98a00000EE4oECAT","0","00000216","2023-02-24 00:54:53","0058a00000LLuwkAAD","2023-06-27 02:15:49","0058a00000LLuwkAAD","2023-06-27 02:15:49","00Q8a00001vC6xmEAC","false","0.018","","355f630e-d32e-4456-bf84-667b67cf01ca","2023-06-27 02:15:42","NIL","","LeadScoring",""
"0O98a00000EE4oFCAT","0","00000217","2023-02-24 00:54:53","0058a00000LLuwkAAD","2023-06-27 02:15:49","0058a00000LLuwkAAD","2023-06-27 02:15:49","00Q8a00001vC6xmEAC","from a business","0.014","","8f244e09-ad81-4a1d-bd78-351af4ebdbb6","2023-06-27 02:15:42","NIL","","LeadScoring",""
"0O98a00000EE4oGCAT","0","00000218","2023-02-24 00:54:53","0058a00000LLuwkAAD","2023-06-27 02:15:49","0058a00000LLuwkAAD","2023-06-27 02:15:49","00Q8a00001vC6xmEAC","Empty","-0.057","","4e20149b-4efb-4502-971c-e4dc31bb8065","2023-06-27 02:15:42","NIL","","LeadScoring",""
"0O98a00000EE4oHCAT","0","00000219","2023-02-24 00:54:53","0058a00000LLuwkAAD","2023-06-27 02:15:49","0058a00000LLuwkAAD","2023-06-27 02:15:49","00Q8a00001vC6xmEAC","Empty","-0.044","","4fac9d23-af93-4678-8957-a599297ae8cf","2023-06-27 02:15:42","NIL","","LeadScoring",""
"0O98a00000EE4oICAT","0","00000220","2023-02-24 00:54:53","0058a00000LLuwkAAD","2023-08-27 15:03:55","0058a00000LLuwkAAD","2023-08-27 15:03:55","00Q8a00001vC75HEAS","Empty","-0.051","","16124bb1-1ec0-4379-95f3-575eeb8bb672","2023-08-27 15:03:47","NIL","","LeadScoring",""
"0O98a00000EE4oJCAT","0","00000221","2023-02-24 00:54:53","0058a00000LLuwkAAD","2023-08-27 15:03:55","0058a00000LLuwkAAD","2023-08-27 15:03:55","00Q8a00001vC75HEAS","Empty","-0.05","","a338f1b9-6fa7-488e-85e6-e6ef67a25a08","2023-08-27 15:03:47","NIL","","LeadScoring",""
"0O98a00000EE4oKCAT","0","00000222","2023-02-24 00:54:53","0058a00000LLuwkAAD","2023-08-27 15:03:55","0058a00000LLuwkAAD","2023-08-27 15:03:55","00Q8a00001vC75HEAS","Empty","-0.037","","85e85010-274a-4f87-8053-a66a1f70ab78","2023-08-27 15:03:47","NIL","","LeadScoring",""
"0O98a00000EE4oLCAT","0","00000223","2023-02-24 00:54:53","0058a00000LLuwkAAD","2023-08-27 15:03:55","0058a00000LLuwkAAD","2023-08-27 15:03:55","00Q8a00001vC75HEAS","DirectorLevel","-0.022","","5bf6a2a8-438f-4d46-a0ad-c17c071c58ba","2023-08-27 15:03:47","NIL","","LeadScoring",""
"0O98a00000EE4oMCAT","0","00000224","2023-02-24 00:54:53","0058a00000LLuwkAAD","2023-06-27 02:15:49","0058a00000LLuwkAAD","2023-06-27 02:15:49","00Q8a00001vCFSJEA4","false","0.018","","355f630e-d32e-4456-bf84-667b67cf01ca","2023-06-27 02:15:42","NIL","","LeadScoring",""
"0O98a00000EE4oNCAT","0","00000225","2023-02-24 00:54:53","0058a00000LLuwkAAD","2023-06-27 02:15:49","0058a00000LLuwkAAD","2023-06-27 02:15:49","00Q8a00001vCFSJEA4","from a business","0.014","","8f244e09-ad81-4a1d-bd78-351af4ebdbb6","2023-06-27 02:15:42","NIL","","LeadScoring",""
"0O98a00000EE4oOCAT","0","00000226","2023-02-24 00:54:53","0058a00000LLuwkAAD","2023-04-26 01:12:36","0058a00000LLuwkAAD","2023-04-26 01:12:36","00Q8a00001vCFSJEA4","Empty","-0.052","","088d6d06-2f0c-4de2-9420-c66c15a289c3","2023-04-26 01:12:30","NIL","","LeadScoring",""
"0O98a00000EE4oPCAT","0","00000227","2023-02-24 00:54:53","0058a00000LLuwkAAD","2023-02-24 00:54:53","0058a00000LLuwkAAD","2023-02-24 00:54:53","00Q8a00001vCFSJEA4","Empty","-0.048","","b98a9bab-097b-4e17-962a-d747459a8d2b","2023-02-24 00:54:46","NIL","","LeadScoring",""
"0O98a00000EE4oQCAT","0","00000228","2023-02-24 00:54:53","0058a00000LLuwkAAD","2023-06-27 02:15:49","0058a00000LLuwkAAD","2023-06-27 02:15:49","00Q8a00001vCFUAEA4","false","0.018","","355f630e-d32e-4456-bf84-667b67cf01ca","2023-06-27 02:15:42","NIL","","LeadScoring",""
"0O98a00000EE4oRCAT","0","00000229","2023-02-24 00:54:53","0058a00000LLuwkAAD","2023-06-27 02:15:49","0058a00000LLuwkAAD","2023-06-27 02:15:49","00Q8a00001vCFUAEA4","from a business","0.014","","8f244e09-ad81-4a1d-bd78-351af4ebdbb6","2023-06-27 02:15:42","NIL","","LeadScoring",""
"0O98a00000EE4oSCAT","0","00000230","2023-02-24 00:54:53","0058a00000LLuwkAAD","2023-06-27 02:15:49","0058a00000LLuwkAAD","2023-06-27 02:15:49","00Q8a00001vCFUAEA4","Empty","-0.057","","4e20149b-4efb-4502-971c-e4dc31bb8065","2023-06-27 02:15:42","NIL","","LeadScoring",""
"0O98a00000EE4oTCAT","0","00000231","2023-02-24 00:54:53","0058a00000LLuwkAAD","2023-06-27 02:15:49","0058a00000LLuwkAAD","2023-06-27 02:15:49","00Q8a00001vCFUAEA4","Empty","-0.044","","4fac9d23-af93-4678-8957-a599297ae8cf","2023-06-27 02:15:42","NIL","","LeadScoring",""
"0O98a00000EE4slCAD","0","00000232","2023-02-24 17:58:27","0058a00000LLuwkAAD","2023-07-27 16:47:18","0058a00000LLuwkAAD","2023-07-27 16:47:18","00Q8a00001v6jQQEAY","from a business","0.017","","cd796998-7b93-4226-92b5-2f0c2f1a207c","2023-07-27 16:47:11","NIL","","LeadScoring",""
"0O98a00000EE4smCAD","0","00000233","2023-02-24 17:58:27","0058a00000LLuwkAAD","2023-07-27 16:47:18","0058a00000LLuwkAAD","2023-07-27 16:47:18","00Q8a00001v6jQQEAY","false","0.01","","9e807881-58cc-431b-9b20-78d28ee2481f","2023-07-27 16:47:11","NIL","","LeadScoring",""
"0O98a00000EE4snCAD","0","00000234","2023-02-24 17:58:27","0058a00000LLuwkAAD","2023-02-24 17:58:27","0058a00000LLuwkAAD","2023-02-24 17:58:27","00Q8a00001v6jROEAY","from a business","0.024","","d69c0759-28c7-404e-81bd-cb3d99ecca0f","2023-02-24 17:58:24","NIL","","LeadScoring",""
"0O98a00000EE4soCAD","0","00000235","2023-02-24 17:58:27","0058a00000LLuwkAAD","2023-02-24 17:58:27","0058a00000LLuwkAAD","2023-02-24 17:58:27","00Q8a00001v6jROEAY","false","0.011","","a8f3bd88-f9c9-4f08-bb26-693fd98f41ad","2023-02-24 17:58:24","NIL","","LeadScoring",""
"0O98a00000EE5NGCA1","0","00000236","2023-02-28 18:25:19","0058a00000LLuwkAAD","2023-08-27 15:03:55","0058a00000LLuwkAAD","2023-08-27 15:03:55","00Q8a00001v6X9NEAU","Empty","-0.051","","16124bb1-1ec0-4379-95f3-575eeb8bb672","2023-08-27 15:03:47","NIL","","LeadScoring",""
"0O98a00000EE5NHCA1","0","00000237","2023-02-28 18:25:19","0058a00000LLuwkAAD","2023-08-27 15:03:55","0058a00000LLuwkAAD","2023-08-27 15:03:55","00Q8a00001v6X9NEAU","Empty","-0.05","","a338f1b9-6fa7-488e-85e6-e6ef67a25a08","2023-08-27 15:03:47","NIL","","LeadScoring",""
"0O98a00000EE5NICA1","0","00000238","2023-02-28 18:25:19","0058a00000LLuwkAAD","2023-08-27 15:03:55","0058a00000LLuwkAAD","2023-08-27 15:03:55","00Q8a00001v6X9NEAU","Empty","-0.037","","85e85010-274a-4f87-8053-a66a1f70ab78","2023-08-27 15:03:47","NIL","","LeadScoring",""
"0O98a00000EE5NJCA1","0","00000239","2023-02-28 18:25:19","0058a00000LLuwkAAD","2023-08-27 15:03:55","0058a00000LLuwkAAD","2023-08-27 15:03:55","00Q8a00001v6X9NEAU","Ecuador","-0.012","","9bc3749a-3a95-4b69-97ff-b50e376aa4d7","2023-08-27 15:03:47","NIL","","LeadScoring",""
"0O98a00000EE5XDCA1","0","00000240","2023-03-02 01:03:14","0058a00000LLuwkAAD","2023-03-02 01:03:14","0058a00000LLuwkAAD","2023-03-02 01:03:14","00Q8a00001v6jROEAY","from a business","0.024","","d69c0759-28c7-404e-81bd-cb3d99ecca0f","2023-03-02 01:03:11","NIL","","LeadScoring",""
"0O98a00000EE5XECA1","0","00000241","2023-03-02 01:03:14","0058a00000LLuwkAAD","2023-03-02 01:03:14","0058a00000LLuwkAAD","2023-03-02 01:03:14","00Q8a00001v6jROEAY","false","0.011","","a8f3bd88-f9c9-4f08-bb26-693fd98f41ad","2023-03-02 01:03:11","NIL","","LeadScoring",""
"0O98a00000EE5XFCA1","0","00000242","2023-03-02 01:03:14","0058a00000LLuwkAAD","2023-03-02 01:03:14","0058a00000LLuwkAAD","2023-03-02 01:03:14","00Q8a00001v6jROEAY","Empty","-0.057","","652e45cd-7558-46ea-966b-36b8bf7cd69f","2023-03-02 01:03:11","NIL","","LeadScoring",""
"0O98a00000EE5XGCA1","0","00000243","2023-03-02 01:03:14","0058a00000LLuwkAAD","2023-03-02 01:03:14","0058a00000LLuwkAAD","2023-03-02 01:03:14","00Q8a00001v6jROEAY","Empty","-0.048","","b98a9bab-097b-4e17-962a-d747459a8d2b","2023-03-02 01:03:11","NIL","","LeadScoring",""
"0O98a00000EE5kdCAD","0","00000244","2023-03-03 17:57:49","0058a00000LLuwkAAD","2023-08-27 15:03:55","0058a00000LLuwkAAD","2023-08-27 15:03:55","00Q8a00001v6X6tEAE","false","0.012","","ec4c5504-f3f0-4396-b27b-55e0d5b8ccd5","2023-08-27 15:03:47","NIL","","LeadScoring",""
"0O98a00000EE5keCAD","0","00000245","2023-03-03 17:57:49","0058a00000LLuwkAAD","2023-08-27 15:03:55","0058a00000LLuwkAAD","2023-08-27 15:03:55","00Q8a00001v6X6tEAE","from a business","0.011","","605b17d8-3f51-4a10-8eec-67bc0053f20e","2023-08-27 15:03:47","NIL","","LeadScoring",""
"0O98a00000EE6BeCAL","0","00000246","2023-03-08 20:36:16","0058a00000LLuwkAAD","2023-08-27 15:03:55","0058a00000LLuwkAAD","2023-08-27 15:03:55","00Q8a00001vC6RZEA0","false","0.012","","ec4c5504-f3f0-4396-b27b-55e0d5b8ccd5","2023-08-27 15:03:47","NIL","","LeadScoring",""
"0O98a00000EE6BfCAL","0","00000247","2023-03-08 20:36:16","0058a00000LLuwkAAD","2023-08-27 15:03:55","0058a00000LLuwkAAD","2023-08-27 15:03:55","00Q8a00001vC6RZEA0","from a business","0.011","","605b17d8-3f51-4a10-8eec-67bc0053f20e","2023-08-27 15:03:47","NIL","","LeadScoring",""
"0O98a00000EE6BgCAL","0","00000248","2023-03-08 20:36:16","0058a00000LLuwkAAD","2023-08-27 15:03:55","0058a00000LLuwkAAD","2023-08-27 15:03:55","00Q8a00001vC6RZEA0","Empty","-0.051","","16124bb1-1ec0-4379-95f3-575eeb8bb672","2023-08-27 15:03:47","NIL","","LeadScoring",""
"0O98a00000EE7f4CAD","0","00000249","2023-03-14 01:11:40","0058a00000LLuwkAAD","2023-07-27 16:47:18","0058a00000LLuwkAAD","2023-07-27 16:47:18","00Q8a00001vC6RZEA0","Empty","-0.032","","be0d3e77-852b-42d3-8317-7ef068f6cc0b","2023-07-27 16:47:11","NIL","","LeadScoring",""
"0O98a00000EE7f5CAD","0","00000250","2023-03-14 01:11:40","0058a00000LLuwkAAD","2023-07-27 16:47:18","0058a00000LLuwkAAD","2023-07-27 16:47:18","00Q8a00001vC6RZEA0","Marketing","-0.012","","93033756-d8ba-42a5-a4bb-bd82591a7450","2023-07-27 16:47:11","NIL","","LeadScoring",""
"0O98a00000EE7l5CAD","0","00000251","2023-03-14 21:08:05","0058a00000LLuwkAAD","2023-08-27 15:03:55","0058a00000LLuwkAAD","2023-08-27 15:03:55","00Q8a00001vC6RZEA0","Empty","-0.05","","a338f1b9-6fa7-488e-85e6-e6ef67a25a08","2023-08-27 15:03:47","NIL","","LeadScoring",""
"0O98a00000EEAQPCA5","0","00000252","2023-03-26 11:35:21","0058a00000LLuwkAAD","2023-07-27 16:47:18","0058a00000LLuwkAAD","2023-07-27 16:47:18","00Q8a00001uiEr1EAE","Empty","-0.049","","c8fc50c1-b17f-41ba-9935-a863886916b2","2023-07-27 16:47:11","NIL","","LeadScoring",""
"0O98a00000EEAQQCA5","0","00000253","2023-03-26 11:35:21","0058a00000LLuwkAAD","2023-07-27 16:47:18","0058a00000LLuwkAAD","2023-07-27 16:47:18","00Q8a00001uiEr1EAE","Empty","-0.047","","19a8ac8a-c956-4657-ac87-27b3997774d3","2023-07-27 16:47:11","NIL","","LeadScoring",""
"0O98a00000EEAQRCA5","0","00000254","2023-03-26 11:35:21","0058a00000LLuwkAAD","2023-05-27 01:05:26","0058a00000LLuwkAAD","2023-05-27 01:05:26","00Q8a00001uiEr1EAE","from a business","-0.016","","0bd713e9-cfb6-4950-bb98-b3a2795c640d","2023-05-27 01:05:20","NIL","","LeadScoring",""
"0O98a00000EEAQSCA5","0","00000255","2023-03-26 11:35:21","0058a00000LLuwkAAD","2023-03-26 11:35:21","0058a00000LLuwkAAD","2023-03-26 11:35:21","00Q8a00001uiEtQEAU","Empty","-0.052","","921c1e71-7229-48c9-aacb-5743fc43d078","2023-03-26 11:35:14","NIL","","LeadScoring",""
"0O98a00000EEAQTCA5","0","00000256","2023-03-26 11:35:21","0058a00000LLuwkAAD","2023-07-27 16:47:18","0058a00000LLuwkAAD","2023-07-27 16:47:18","00Q8a00001v3jbpEAA","from a business","0.017","","cd796998-7b93-4226-92b5-2f0c2f1a207c","2023-07-27 16:47:11","NIL","","LeadScoring",""
"0O98a00000EEAQUCA5","0","00000257","2023-03-26 11:35:21","0058a00000LLuwkAAD","2023-07-27 16:47:18","0058a00000LLuwkAAD","2023-07-27 16:47:18","00Q8a00001v3jbpEAA","false","0.01","","9e807881-58cc-431b-9b20-78d28ee2481f","2023-07-27 16:47:11","NIL","","LeadScoring",""
"0O98a00000EEAQVCA5","0","00000258","2023-03-26 11:35:21","0058a00000LLuwkAAD","2023-07-27 16:47:18","0058a00000LLuwkAAD","2023-07-27 16:47:18","00Q8a00001v3jbpEAA","Empty","-0.049","","c8fc50c1-b17f-41ba-9935-a863886916b2","2023-07-27 16:47:11","NIL","","LeadScoring",""
"0O98a00000EEAQWCA5","0","00000259","2023-03-26 11:35:21","0058a00000LLuwkAAD","2023-07-27 16:47:18","0058a00000LLuwkAAD","2023-07-27 16:47:18","00Q8a00001v3jbqEAA","from a business","0.017","","cd796998-7b93-4226-92b5-2f0c2f1a207c","2023-07-27 16:47:11","NIL","","LeadScoring",""
"0O98a00000EEAQXCA5","0","00000260","2023-03-26 11:35:21","0058a00000LLuwkAAD","2023-07-27 16:47:18","0058a00000LLuwkAAD","2023-07-27 16:47:18","00Q8a00001v3jbqEAA","false","0.01","","9e807881-58cc-431b-9b20-78d28ee2481f","2023-07-27 16:47:11","NIL","","LeadScoring",""
"0O98a00000EEAQYCA5","0","00000261","2023-03-26 11:35:21","0058a00000LLuwkAAD","2023-07-27 16:47:18","0058a00000LLuwkAAD","2023-07-27 16:47:18","00Q8a00001v3jbqEAA","Empty","-0.049","","c8fc50c1-b17f-41ba-9935-a863886916b2","2023-07-27 16:47:11","NIL","","LeadScoring",""
"0O98a00000EEAQZCA5","0","00000262","2023-03-26 11:35:21","0058a00000LLuwkAAD","2023-07-27 16:47:18","0058a00000LLuwkAAD","2023-07-27 16:47:18","00Q8a00001v3jcsEAA","from a business","0.017","","cd796998-7b93-4226-92b5-2f0c2f1a207c","2023-07-27 16:47:11","NIL","","LeadScoring",""
"0O98a00000EEAQaCAP","0","00000263","2023-03-26 11:35:21","0058a00000LLuwkAAD","2023-07-27 16:47:18","0058a00000LLuwkAAD","2023-07-27 16:47:18","00Q8a00001v3jcsEAA","false","0.01","","9e807881-58cc-431b-9b20-78d28ee2481f","2023-07-27 16:47:11","NIL","","LeadScoring",""
"0O98a00000EEAQbCAP","0","00000264","2023-03-26 11:35:21","0058a00000LLuwkAAD","2023-07-27 16:47:18","0058a00000LLuwkAAD","2023-07-27 16:47:18","00Q8a00001v3jcsEAA","Empty","-0.049","","c8fc50c1-b17f-41ba-9935-a863886916b2","2023-07-27 16:47:11","NIL","","LeadScoring",""
"0O98a00000EEAQcCAP","0","00000265","2023-03-26 11:35:21","0058a00000LLuwkAAD","2023-07-27 16:47:18","0058a00000LLuwkAAD","2023-07-27 16:47:18","00Q8a00001v4DCPEA2","from a business","0.017","","cd796998-7b93-4226-92b5-2f0c2f1a207c","2023-07-27 16:47:11","NIL","","LeadScoring",""
"0O98a00000EEAQdCAP","0","00000266","2023-03-26 11:35:21","0058a00000LLuwkAAD","2023-03-26 11:35:21","0058a00000LLuwkAAD","2023-03-26 11:35:21","00Q8a00001v4DH0EAM","Empty","-0.052","","921c1e71-7229-48c9-aacb-5743fc43d078","2023-03-26 11:35:14","NIL","","LeadScoring",""
"0O98a00000EEAQeCAP","0","00000267","2023-03-26 11:35:21","0058a00000LLuwkAAD","2023-03-26 11:35:21","0058a00000LLuwkAAD","2023-03-26 11:35:21","00Q8a00001v4DJfEAM","Empty","-0.034","","4facb1f0-ece9-4ceb-9ad9-2a9a327f70d3","2023-03-26 11:35:14","NIL","","LeadScoring",""
"0O98a00000EEAQfCAP","0","00000268","2023-03-26 11:35:21","0058a00000LLuwkAAD","2023-07-27 16:47:18","0058a00000LLuwkAAD","2023-07-27 16:47:18","00Q8a00001v5CInEAM","Empty","-0.049","","c8fc50c1-b17f-41ba-9935-a863886916b2","2023-07-27 16:47:11","NIL","","LeadScoring",""
"0O98a00000EEAQgCAP","0","00000269","2023-03-26 11:35:21","0058a00000LLuwkAAD","2023-07-27 16:47:18","0058a00000LLuwkAAD","2023-07-27 16:47:18","00Q8a00001v5CInEAM","Empty","-0.047","","19a8ac8a-c956-4657-ac87-27b3997774d3","2023-07-27 16:47:11","NIL","","LeadScoring",""
"0O98a00000EEAQhCAP","0","00000270","2023-03-26 11:35:21","0058a00000LLuwkAAD","2023-07-27 16:47:18","0058a00000LLuwkAAD","2023-07-27 16:47:18","00Q8a00001v5CInEAM","Ecuador","-0.011","","3f3f4a8d-2e5b-4e23-ae1e-00b84249c21d","2023-07-27 16:47:11","NIL","","LeadScoring",""
"0O98a00000EEAQiCAP","0","00000271","2023-03-26 11:35:21","0058a00000LLuwkAAD","2023-03-26 11:35:21","0058a00000LLuwkAAD","2023-03-26 11:35:21","00Q8a00001v5CInEAM","Empty","-0.052","","921c1e71-7229-48c9-aacb-5743fc43d078","2023-03-26 11:35:14","NIL","","LeadScoring",""
"0O98a00000EEAQjCAP","0","00000272","2023-03-26 11:35:21","0058a00000LLuwkAAD","2023-07-27 16:47:18","0058a00000LLuwkAAD","2023-07-27 16:47:18","00Q8a00001v6Qq4EAE","Empty","-0.049","","c8fc50c1-b17f-41ba-9935-a863886916b2","2023-07-27 16:47:11","NIL","","LeadScoring",""
"0O98a00000EEAQkCAP","0","00000273","2023-03-26 11:35:21","0058a00000LLuwkAAD","2023-07-27 16:47:18","0058a00000LLuwkAAD","2023-07-27 16:47:18","00Q8a00001v6Qq4EAE","Empty","-0.047","","19a8ac8a-c956-4657-ac87-27b3997774d3","2023-07-27 16:47:11","NIL","","LeadScoring",""
"0O98a00000EEAQlCAP","0","00000274","2023-03-26 11:35:21","0058a00000LLuwkAAD","2023-07-27 16:47:18","0058a00000LLuwkAAD","2023-07-27 16:47:18","00Q8a00001v6Qq4EAE","Ecuador","-0.011","","3f3f4a8d-2e5b-4e23-ae1e-00b84249c21d","2023-07-27 16:47:11","NIL","","LeadScoring",""
"0O98a00000EEAQmCAP","0","00000275","2023-03-26 11:35:21","0058a00000LLuwkAAD","2023-07-27 16:47:18","0058a00000LLuwkAAD","2023-07-27 16:47:18","00Q8a00001v6X9NEAU","Empty","-0.032","","be0d3e77-852b-42d3-8317-7ef068f6cc0b","2023-07-27 16:47:11","NIL","","LeadScoring",""
"0O98a00000EEAQnCAP","0","00000276","2023-03-26 11:35:21","0058a00000LLuwkAAD","2023-07-27 16:47:18","0058a00000LLuwkAAD","2023-07-27 16:47:18","00Q8a00001v6X9NEAU","Ecuador","-0.011","","3f3f4a8d-2e5b-4e23-ae1e-00b84249c21d","2023-07-27 16:47:11","NIL","","LeadScoring",""
"0O98a00000EEAQoCAP","0","00000277","2023-03-26 11:35:21","0058a00000LLuwkAAD","2023-07-27 16:47:18","0058a00000LLuwkAAD","2023-07-27 16:47:18","00Q8a00001v6Xr4EAE","from a business","0.017","","cd796998-7b93-4226-92b5-2f0c2f1a207c","2023-07-27 16:47:11","NIL","","LeadScoring",""
"0O98a00000EEAQpCAP","0","00000278","2023-03-26 11:35:21","0058a00000LLuwkAAD","2023-08-27 15:03:55","0058a00000LLuwkAAD","2023-08-27 15:03:55","00Q8a00001v6jQQEAY","false","0.012","","ec4c5504-f3f0-4396-b27b-55e0d5b8ccd5","2023-08-27 15:03:47","NIL","","LeadScoring",""
"0O98a00000EEAQqCAP","0","00000279","2023-03-26 11:35:21","0058a00000LLuwkAAD","2023-07-27 16:47:18","0058a00000LLuwkAAD","2023-07-27 16:47:18","00Q8a00001vC6aMEAS","Empty","-0.049","","c8fc50c1-b17f-41ba-9935-a863886916b2","2023-07-27 16:47:11","NIL","","LeadScoring",""
"0O98a00000EEAQrCAP","0","00000280","2023-03-26 11:35:21","0058a00000LLuwkAAD","2023-07-27 16:47:18","0058a00000LLuwkAAD","2023-07-27 16:47:18","00Q8a00001vC6aMEAS","Empty","-0.047","","19a8ac8a-c956-4657-ac87-27b3997774d3","2023-07-27 16:47:11","NIL","","LeadScoring",""
"0O98a00000Ek73tCAB","0","00000281","2023-04-26 01:12:36","0058a00000LLuwkAAD","2023-08-27 15:03:55","0058a00000LLuwkAAD","2023-08-27 15:03:55","00Q8a00001v4DH0EAM","Empty","-0.051","","16124bb1-1ec0-4379-95f3-575eeb8bb672","2023-08-27 15:03:47","NIL","","LeadScoring",""
"0O98a00000Ek73uCAB","0","00000282","2023-04-26 01:12:36","0058a00000LLuwkAAD","2023-04-26 01:12:36","0058a00000LLuwkAAD","2023-04-26 01:12:36","00Q8a00001v6jQQEAY","DirectorLevel","-0.026","","b7baee56-1245-4e3c-bf98-708c56a9c468","2023-04-26 01:12:30","NIL","","LeadScoring",""
"0O98a00000Ek73vCAB","0","00000283","2023-04-26 01:12:36","0058a00000LLuwkAAD","2023-04-26 01:12:36","0058a00000LLuwkAAD","2023-04-26 01:12:36","00Q8a00001v6jQQEAY","Ecuador","-0.013","","c9d2a2a7-dc4a-41a0-9ab2-86595973a1d3","2023-04-26 01:12:30","NIL","","LeadScoring",""
"0O98a00000EkFPLCA3","0","00000284","2023-05-27 01:05:26","0058a00000LLuwkAAD","2023-05-27 01:05:26","0058a00000LLuwkAAD","2023-05-27 01:05:26","00Q8a00001uiEvCEAU","Empty","-0.038","","c3b95658-e811-48cc-8ed1-9f72d206f8d2","2023-05-27 01:05:20","NIL","","LeadScoring",""
"0O98a00000EkFPMCA3","0","00000285","2023-05-27 01:05:26","0058a00000LLuwkAAD","2023-05-27 01:05:26","0058a00000LLuwkAAD","2023-05-27 01:05:26","00Q8a00001uiEvCEAU","Ecuador","-0.016","","c78c0c7d-e4bd-43bf-aa89-59803d6cddbf","2023-05-27 01:05:20","NIL","","LeadScoring",""
"0O98a00000EkFPNCA3","0","00000286","2023-05-27 01:05:26","0058a00000LLuwkAAD","2023-07-27 16:47:18","0058a00000LLuwkAAD","2023-07-27 16:47:18","00Q8a00001v3jbpEAA","Empty","-0.047","","19a8ac8a-c956-4657-ac87-27b3997774d3","2023-07-27 16:47:11","NIL","","LeadScoring",""
"0O98a00000EkFPOCA3","0","00000287","2023-05-27 01:05:26","0058a00000LLuwkAAD","2023-07-27 16:47:18","0058a00000LLuwkAAD","2023-07-27 16:47:18","00Q8a00001v3jbqEAA","Empty","-0.047","","19a8ac8a-c956-4657-ac87-27b3997774d3","2023-07-27 16:47:11","NIL","","LeadScoring",""
"0O98a00000EkFPPCA3","0","00000288","2023-05-27 01:05:26","0058a00000LLuwkAAD","2023-07-27 16:47:18","0058a00000LLuwkAAD","2023-07-27 16:47:18","00Q8a00001v3jcsEAA","Empty","-0.047","","19a8ac8a-c956-4657-ac87-27b3997774d3","2023-07-27 16:47:11","NIL","","LeadScoring",""
"0O98a00000EkFPQCA3","0","00000289","2023-05-27 01:05:26","0058a00000LLuwkAAD","2023-07-27 16:47:18","0058a00000LLuwkAAD","2023-07-27 16:47:18","00Q8a00001v4DCPEA2","false","0.01","","9e807881-58cc-431b-9b20-78d28ee2481f","2023-07-27 16:47:11","NIL","","LeadScoring",""
"0O98a00000EkFPRCA3","0","00000290","2023-05-27 01:05:26","0058a00000LLuwkAAD","2023-07-27 16:47:18","0058a00000LLuwkAAD","2023-07-27 16:47:18","00Q8a00001v6Xr4EAE","false","0.01","","9e807881-58cc-431b-9b20-78d28ee2481f","2023-07-27 16:47:11","NIL","","LeadScoring",""
"0O98a00000EkFPSCA3","0","00000291","2023-05-27 01:05:26","0058a00000LLuwkAAD","2023-08-27 15:03:55","0058a00000LLuwkAAD","2023-08-27 15:03:55","00Q8a00001v6jQQEAY","from a business","0.011","","605b17d8-3f51-4a10-8eec-67bc0053f20e","2023-08-27 15:03:47","NIL","","LeadScoring",""
"0O98a00000FEUzGCAX","0","00000292","2023-06-27 02:15:49","0058a00000LLuwkAAD","2023-06-27 02:15:49","0058a00000LLuwkAAD","2023-06-27 02:15:49","00Q8a00001uiEsDEAU","Empty","-0.057","","4e20149b-4efb-4502-971c-e4dc31bb8065","2023-06-27 02:15:42","NIL","","LeadScoring",""
"0O98a00000FEUzHCAX","0","00000293","2023-06-27 02:15:49","0058a00000LLuwkAAD","2023-06-27 02:15:49","0058a00000LLuwkAAD","2023-06-27 02:15:49","00Q8a00001uiEsDEAU","Empty","-0.044","","4fac9d23-af93-4678-8957-a599297ae8cf","2023-06-27 02:15:42","NIL","","LeadScoring",""
"0O98a00000FEUzICAX","0","00000294","2023-06-27 02:15:49","0058a00000LLuwkAAD","2023-08-27 15:03:55","0058a00000LLuwkAAD","2023-08-27 15:03:55","00Q8a00001v4DH0EAM","Empty","-0.05","","a338f1b9-6fa7-488e-85e6-e6ef67a25a08","2023-08-27 15:03:47","NIL","","LeadScoring",""
"0O98a00000FEUzJCAX","0","00000295","2023-06-27 02:15:49","0058a00000LLuwkAAD","2023-08-27 15:03:55","0058a00000LLuwkAAD","2023-08-27 15:03:55","00Q8a00001v6X6tEAE","Empty","-0.051","","16124bb1-1ec0-4379-95f3-575eeb8bb672","2023-08-27 15:03:47","NIL","","LeadScoring",""
"0O98a00000FEUzKCAX","0","00000296","2023-06-27 02:15:49","0058a00000LLuwkAAD","2023-08-27 15:03:55","0058a00000LLuwkAAD","2023-08-27 15:03:55","00Q8a00001v6X6tEAE","Empty","-0.05","","a338f1b9-6fa7-488e-85e6-e6ef67a25a08","2023-08-27 15:03:47","NIL","","LeadScoring",""
"0O98a00000FEUzLCAX","0","00000297","2023-06-27 02:15:49","0058a00000LLuwkAAD","2023-08-27 15:03:55","0058a00000LLuwkAAD","2023-08-27 15:03:55","00Q8a00001vC6jJEAS","Empty","-0.037","","85e85010-274a-4f87-8053-a66a1f70ab78","2023-08-27 15:03:47","NIL","","LeadScoring",""
"0O98a00000FEUzMCAX","0","00000298","2023-06-27 02:15:49","0058a00000LLuwkAAD","2023-06-27 02:15:49","0058a00000LLuwkAAD","2023-06-27 02:15:49","00Q8a00001vC6ubEAC","Empty","-0.044","","4fac9d23-af93-4678-8957-a599297ae8cf","2023-06-27 02:15:42","NIL","","LeadScoring",""
"0O98a00000FEVFfCAP","0","00000299","2023-06-28 19:47:02","0058a00000LLuwkAAD","2023-08-27 15:03:55","0058a00000LLuwkAAD","2023-08-27 15:03:55","00Q8a00001x16JGEAY","from a business","0.011","","605b17d8-3f51-4a10-8eec-67bc0053f20e","2023-08-27 15:03:47","NIL","","LeadScoring",""
"0O98a00000FEVFgCAP","0","00000300","2023-06-28 19:47:02","0058a00000LLuwkAAD","2023-06-28 19:47:02","0058a00000LLuwkAAD","2023-06-28 19:47:02","00Q8a00001x16JGEAY","Empty","-0.057","","4e20149b-4efb-4502-971c-e4dc31bb8065","2023-06-28 19:46:59","NIL","","LeadScoring",""
"0O98a00000FEVFhCAP","0","00000301","2023-06-28 19:47:02","0058a00000LLuwkAAD","2023-06-28 19:47:02","0058a00000LLuwkAAD","2023-06-28 19:47:02","00Q8a00001x16JGEAY","Empty","-0.044","","4fac9d23-af93-4678-8957-a599297ae8cf","2023-06-28 19:46:59","NIL","","LeadScoring",""
"0O98a00000FFJpsCAH","0","00000302","2023-07-27 16:47:18","0058a00000LLuwkAAD","2023-07-27 16:47:18","0058a00000LLuwkAAD","2023-07-27 16:47:18","00Q8a00001v6Xr4EAE","Empty","-0.049","","c8fc50c1-b17f-41ba-9935-a863886916b2","2023-07-27 16:47:11","NIL","","LeadScoring",""
"0O98a00000FFJptCAH","0","00000303","2023-07-27 16:47:18","0058a00000LLuwkAAD","2023-07-27 16:47:18","0058a00000LLuwkAAD","2023-07-27 16:47:18","00Q8a00001v6Xr4EAE","Empty","-0.047","","19a8ac8a-c956-4657-ac87-27b3997774d3","2023-07-27 16:47:11","NIL","","LeadScoring",""
"0O98a00000FFJpuCAH","0","00000304","2023-07-27 16:47:18","0058a00000LLuwkAAD","2023-07-27 16:47:18","0058a00000LLuwkAAD","2023-07-27 16:47:18","00Q8a00001x16JGEAY","from a business","0.017","","cd796998-7b93-4226-92b5-2f0c2f1a207c","2023-07-27 16:47:11","NIL","","LeadScoring",""
"0O98a00000FH7STCA1","0","00000305","2023-08-27 15:03:55","0058a00000LLuwkAAD","2023-08-27 15:03:55","0058a00000LLuwkAAD","2023-08-27 15:03:55","00Q8a00001vC6jJEAS","Ecuador","-0.012","","9bc3749a-3a95-4b69-97ff-b50e376aa4d7","2023-08-27 15:03:47","NIL","","LeadScoring",""
