"Id","IsDeleted","Name","CurrencyIsoCode","CreatedDate","CreatedById","LastModifiedDate","LastModifiedById","SystemModstamp","ListEmailId","RecipientId","HasBeenProcessed"
"0XF8a000000HVrkGAG","0","00000001","USD","2023-01-27 17:10:36","0058a00000MNWtKAAX","2023-01-27 17:10:36","0058a00000MNWtKAAX","2023-01-27 17:10:36","0XB8a000000TzgRGAS","0038a00003C5adbAAB","0"
"0XF8a000000HVrlGAG","0","00000002","USD","2023-01-27 17:10:36","0058a00000MNWtKAAX","2023-01-27 17:10:36","0058a00000MNWtKAAX","2023-01-27 17:10:36","0XB8a000000TzgRGAS","0038a00003C5aZfAAJ","0"
"0XF8a000000HVrmGAG","0","00000003","USD","2023-01-27 17:10:36","0058a00000MNWtKAAX","2023-01-27 17:10:36","0058a00000MNWtKAAX","2023-01-27 17:10:36","0XB8a000000TzgRGAS","0038a00003C5aamAAB","0"
"0XF8a000000HVrnGAG","0","00000004","USD","2023-01-27 17:10:36","0058a00000MNWtKAAX","2023-01-27 17:10:36","0058a00000MNWtKAAX","2023-01-27 17:10:36","0XB8a000000TzgRGAS","0038a00003C5aZeAAJ","0"
"0XF8a000000HVroGAG","0","00000005","USD","2023-01-27 17:10:36","0058a00000MNWtKAAX","2023-01-27 17:10:36","0058a00000MNWtKAAX","2023-01-27 17:10:36","0XB8a000000TzgRGAS","0038a00003C5acnAAB","0"
"0XF8a000000HVrpGAG","0","00000006","USD","2023-01-27 17:10:36","0058a00000MNWtKAAX","2023-01-27 17:10:36","0058a00000MNWtKAAX","2023-01-27 17:10:36","0XB8a000000TzgRGAS","0038a00003C5aaEAAR","0"
"0XF8a000000HVrqGAG","0","00000007","USD","2023-01-27 17:10:36","0058a00000MNWtKAAX","2023-01-27 17:10:36","0058a00000MNWtKAAX","2023-01-27 17:10:36","0XB8a000000TzgRGAS","0038a00003C5abVAAR","0"
"0XF8a000000HVrrGAG","0","00000008","USD","2023-01-27 17:10:36","0058a00000MNWtKAAX","2023-01-27 17:10:36","0058a00000MNWtKAAX","2023-01-27 17:10:36","0XB8a000000TzgRGAS","0038a00003C5aQrAAJ","0"
"0XF8a000000YaOPGA0","0","00000009","USD","2023-02-07 20:28:24","0058a00000MNWtKAAX","2023-02-07 20:28:24","0058a00000MNWtKAAX","2023-02-07 20:28:24","0XB8a0000009EH9GAM","0038a00003C5aZfAAJ","0"
"0XF8a000000YaOQGA0","0","00000010","USD","2023-02-07 20:28:24","0058a00000MNWtKAAX","2023-02-07 20:28:24","0058a00000MNWtKAAX","2023-02-07 20:28:24","0XB8a0000009EH9GAM","0038a00003C5aamAAB","0"
"0XF8a000000YaORGA0","0","00000011","USD","2023-02-07 20:28:24","0058a00000MNWtKAAX","2023-02-07 20:28:24","0058a00000MNWtKAAX","2023-02-07 20:28:24","0XB8a0000009EH9GAM","0038a00003C5anxAAB","0"
"0XF8a000000YaOSGA0","0","00000012","USD","2023-02-07 20:28:24","0058a00000MNWtKAAX","2023-02-07 20:28:24","0058a00000MNWtKAAX","2023-02-07 20:28:24","0XB8a0000009EH9GAM","0038a00003C5aoyAAB","0"
"0XF8a000000YaOTGA0","0","00000013","USD","2023-02-07 20:28:24","0058a00000MNWtKAAX","2023-02-07 20:28:24","0058a00000MNWtKAAX","2023-02-07 20:28:24","0XB8a0000009EH9GAM","0038a00003C5acnAAB","0"
"0XF8a000000YaOUGA0","0","00000014","USD","2023-02-07 20:28:24","0058a00000MNWtKAAX","2023-02-07 20:28:24","0058a00000MNWtKAAX","2023-02-07 20:28:24","0XB8a0000009EH9GAM","0038a00003C5aZeAAJ","0"
"0XF8a000000YaOVGA0","0","00000015","USD","2023-02-07 20:28:24","0058a00000MNWtKAAX","2023-02-07 20:28:24","0058a00000MNWtKAAX","2023-02-07 20:28:24","0XB8a0000009EH9GAM","0038a00003C5anvAAB","0"
"0XF8a000000YaOWGA0","0","00000016","USD","2023-02-07 20:28:24","0058a00000MNWtKAAX","2023-02-07 20:28:24","0058a00000MNWtKAAX","2023-02-07 20:28:24","0XB8a0000009EH9GAM","0038a00003C5anwAAB","0"
"0XF8a000000YaOXGA0","0","00000017","USD","2023-02-07 20:28:24","0058a00000MNWtKAAX","2023-02-07 20:28:24","0058a00000MNWtKAAX","2023-02-07 20:28:24","0XB8a0000009EH9GAM","0038a00003A1ZVDAA3","0"
"0XF8a000000YaOYGA0","0","00000018","USD","2023-02-07 20:28:24","0058a00000MNWtKAAX","2023-02-07 20:28:24","0058a00000MNWtKAAX","2023-02-07 20:28:24","0XB8a0000009EH9GAM","0038a00003C5abVAAR","0"
"0XF8a000000YaOZGA0","0","00000019","USD","2023-02-07 20:28:24","0058a00000MNWtKAAX","2023-02-07 20:28:24","0058a00000MNWtKAAX","2023-02-07 20:28:24","0XB8a0000009EH9GAM","0038a00003C5adbAAB","0"
"0XF8a000000YaOaGAK","0","00000020","USD","2023-02-07 20:28:24","0058a00000MNWtKAAX","2023-02-07 20:28:24","0058a00000MNWtKAAX","2023-02-07 20:28:24","0XB8a0000009EH9GAM","0038a00003C69LnAAJ","0"
"0XF8a000000YaObGAK","0","00000021","USD","2023-02-07 20:28:24","0058a00000MNWtKAAX","2023-02-07 20:28:24","0058a00000MNWtKAAX","2023-02-07 20:28:24","0XB8a0000009EH9GAM","0038a00003A16dsAAB","0"
"0XF8a000000YaOcGAK","0","00000022","USD","2023-02-07 20:28:24","0058a00000MNWtKAAX","2023-02-07 20:28:24","0058a00000MNWtKAAX","2023-02-07 20:28:24","0XB8a0000009EH9GAM","0038a00003C5aaEAAR","0"
"0XF8a000000YaOdGAK","0","00000023","USD","2023-02-07 20:28:24","0058a00000MNWtKAAX","2023-02-07 20:28:24","0058a00000MNWtKAAX","2023-02-07 20:28:24","0XB8a0000009EH9GAM","0038a00003C5aprAAB","0"
"0XF8a000000YaOeGAK","0","00000024","USD","2023-02-07 20:28:24","0058a00000MNWtKAAX","2023-02-07 20:28:24","0058a00000MNWtKAAX","2023-02-07 20:28:24","0XB8a0000009EH9GAM","0038a00003C5apsAAB","0"
"0XF8a000000YaOfGAK","0","00000025","USD","2023-02-07 20:28:24","0058a00000MNWtKAAX","2023-02-07 20:28:24","0058a00000MNWtKAAX","2023-02-07 20:28:24","0XB8a0000009EH9GAM","0038a00003C5aQrAAJ","0"
"0XF8a000000YaOgGAK","0","00000026","USD","2023-02-07 20:30:07","0058a00000MNWtKAAX","2023-02-07 20:30:07","0058a00000MNWtKAAX","2023-02-07 20:30:07","0XB8a0000009EHEGA2","0038a00003A1AYEAA3","0"
"0XF8a000000YaOhGAK","0","00000027","USD","2023-02-07 20:30:07","0058a00000MNWtKAAX","2023-02-07 20:30:07","0058a00000MNWtKAAX","2023-02-07 20:30:07","0XB8a0000009EHEGA2","0038a00003A1AaPAAV","0"
"0XF8a000000YaOlGAK","0","00000028","USD","2023-02-07 20:30:51","0058a00000MNWtKAAX","2023-02-07 20:30:51","0058a00000MNWtKAAX","2023-02-07 20:30:51","0XB8a0000009EHJGA2","0038a00003A1ApZAAV","0"
"0XF8a000000YaOmGAK","0","00000040","USD","2023-02-07 20:36:00","0058a00000MNWtKAAX","2023-02-07 20:36:00","0058a00000MNWtKAAX","2023-02-07 20:36:00","0XB8a0000009EHKGA2","0038a00003A1ZYRAA3","0"
"0XF8a000000YaOnGAK","0","00000041","USD","2023-02-07 20:36:00","0058a00000MNWtKAAX","2023-02-07 20:36:00","0058a00000MNWtKAAX","2023-02-07 20:36:00","0XB8a0000009EHKGA2","0038a00003A1ZYlAAN","0"
"0XF8a000000YaOqGAK","0","00000029","USD","2023-02-07 20:33:04","0058a00000MNWtKAAX","2023-02-07 20:33:04","0058a00000MNWtKAAX","2023-02-07 20:33:04","0XB8a0000009EHOGA2","0038a000039zpQaAAI","0"
"0XF8a000000YaOrGAK","0","00000030","USD","2023-02-07 20:33:04","0058a00000MNWtKAAX","2023-02-07 20:33:04","0058a00000MNWtKAAX","2023-02-07 20:33:04","0XB8a0000009EHOGA2","0038a00003A1AjvAAF","0"
"0XF8a000000YaOsGAK","0","00000031","USD","2023-02-07 20:33:04","0058a00000MNWtKAAX","2023-02-07 20:33:04","0058a00000MNWtKAAX","2023-02-07 20:33:04","0XB8a0000009EHOGA2","0038a00003C5721AAB","0"
"0XF8a000000YaOtGAK","0","00000032","USD","2023-02-07 20:33:04","0058a00000MNWtKAAX","2023-02-07 20:33:04","0058a00000MNWtKAAX","2023-02-07 20:33:04","0XB8a0000009EHOGA2","0038a00003C5Ti9AAF","0"
"0XF8a000000YaOvGAK","0","00000033","USD","2023-02-07 20:35:12","0058a00000MNWtKAAX","2023-02-07 20:35:12","0058a00000MNWtKAAX","2023-02-07 20:35:12","0XB8a0000009EHTGA2","0038a000039zpQaAAI","0"
"0XF8a000000YaOwGAK","0","00000034","USD","2023-02-07 20:35:12","0058a00000MNWtKAAX","2023-02-07 20:35:12","0058a00000MNWtKAAX","2023-02-07 20:35:12","0XB8a0000009EHTGA2","0038a00003A1AjvAAF","0"
"0XF8a000000YaOxGAK","0","00000035","USD","2023-02-07 20:35:12","0058a00000MNWtKAAX","2023-02-07 20:35:12","0058a00000MNWtKAAX","2023-02-07 20:35:12","0XB8a0000009EHTGA2","0038a00003A0xXDAAZ","0"
"0XF8a000000YaOyGAK","0","00000036","USD","2023-02-07 20:35:12","0058a00000MNWtKAAX","2023-02-07 20:35:12","0058a00000MNWtKAAX","2023-02-07 20:35:12","0XB8a0000009EHTGA2","0038a00003A0xXEAAZ","0"
"0XF8a000000YaOzGAK","0","00000037","USD","2023-02-07 20:35:12","0058a00000MNWtKAAX","2023-02-07 20:35:12","0058a00000MNWtKAAX","2023-02-07 20:35:12","0XB8a0000009EHTGA2","0038a00003C5721AAB","0"
"0XF8a000000YaP0GAK","0","00000038","USD","2023-02-07 20:35:12","0058a00000MNWtKAAX","2023-02-07 20:35:12","0058a00000MNWtKAAX","2023-02-07 20:35:12","0XB8a0000009EHTGA2","0038a00003C5Ti9AAF","0"
"0XF8a000000YaP1GAK","0","00000039","USD","2023-02-07 20:35:12","0058a00000MNWtKAAX","2023-02-07 20:35:12","0058a00000MNWtKAAX","2023-02-07 20:35:12","0XB8a0000009EHTGA2","0038a00003A1ZaSAAV","0"
"0XF8a000000YbRDGA0","0","00000056","USD","2023-02-10 00:03:19","0058a00000MNWtKAAX","2023-02-10 00:03:19","0058a00000MNWtKAAX","2023-02-10 00:03:19","0XB8a0000009ER4GAM","0038a00003C5aamAAB","0"
"0XF8a000000YbREGA0","0","00000057","USD","2023-02-10 00:03:19","0058a00000MNWtKAAX","2023-02-10 00:03:19","0058a00000MNWtKAAX","2023-02-10 00:03:19","0XB8a0000009ER4GAM","0038a00003C5aZfAAJ","0"
"0XF8a000000YbRFGA0","0","00000058","USD","2023-02-10 00:03:19","0058a00000MNWtKAAX","2023-02-10 00:03:19","0058a00000MNWtKAAX","2023-02-10 00:03:19","0XB8a0000009ER4GAM","0038a00003C5aoyAAB","0"
"0XF8a000000YbRGGA0","0","00000059","USD","2023-02-10 00:03:19","0058a00000MNWtKAAX","2023-02-10 00:03:19","0058a00000MNWtKAAX","2023-02-10 00:03:19","0XB8a0000009ER4GAM","0038a00003C5anxAAB","0"
"0XF8a000000YbRHGA0","0","00000060","USD","2023-02-10 00:03:19","0058a00000MNWtKAAX","2023-02-10 00:03:19","0058a00000MNWtKAAX","2023-02-10 00:03:19","0XB8a0000009ER4GAM","0038a00003C5acnAAB","0"
"0XF8a000000YbRIGA0","0","00000061","USD","2023-02-10 00:03:19","0058a00000MNWtKAAX","2023-02-10 00:03:19","0058a00000MNWtKAAX","2023-02-10 00:03:19","0XB8a0000009ER4GAM","0038a00003C5aZeAAJ","0"
"0XF8a000000YbRJGA0","0","00000062","USD","2023-02-10 00:03:19","0058a00000MNWtKAAX","2023-02-10 00:03:19","0058a00000MNWtKAAX","2023-02-10 00:03:19","0XB8a0000009ER4GAM","0038a00003C5anvAAB","0"
"0XF8a000000YbRKGA0","0","00000063","USD","2023-02-10 00:03:19","0058a00000MNWtKAAX","2023-02-10 00:03:19","0058a00000MNWtKAAX","2023-02-10 00:03:19","0XB8a0000009ER4GAM","0038a00003C5anwAAB","0"
"0XF8a000000YbRLGA0","0","00000064","USD","2023-02-10 00:03:19","0058a00000MNWtKAAX","2023-02-10 00:03:19","0058a00000MNWtKAAX","2023-02-10 00:03:19","0XB8a0000009ER4GAM","0038a00003C5abVAAR","0"
"0XF8a000000YbRMGA0","0","00000065","USD","2023-02-10 00:03:19","0058a00000MNWtKAAX","2023-02-10 00:03:19","0058a00000MNWtKAAX","2023-02-10 00:03:19","0XB8a0000009ER4GAM","0038a00003C5adbAAB","0"
"0XF8a000000YbRNGA0","0","00000066","USD","2023-02-10 00:03:19","0058a00000MNWtKAAX","2023-02-10 00:03:19","0058a00000MNWtKAAX","2023-02-10 00:03:19","0XB8a0000009ER4GAM","0038a00003C5aaEAAR","0"
"0XF8a000000YbROGA0","0","00000067","USD","2023-02-10 00:03:19","0058a00000MNWtKAAX","2023-02-10 00:03:19","0058a00000MNWtKAAX","2023-02-10 00:03:19","0XB8a0000009ER4GAM","0038a00003C5aprAAB","0"
"0XF8a000000YbRPGA0","0","00000068","USD","2023-02-10 00:03:19","0058a00000MNWtKAAX","2023-02-10 00:03:19","0058a00000MNWtKAAX","2023-02-10 00:03:19","0XB8a0000009ER4GAM","0038a00003C5apsAAB","0"
"0XF8a000000YbRQGA0","0","00000069","USD","2023-02-10 00:03:19","0058a00000MNWtKAAX","2023-02-10 00:03:19","0058a00000MNWtKAAX","2023-02-10 00:03:19","0XB8a0000009ER4GAM","0038a00003C5aQrAAJ","0"
"0XF8a000000Yf7rGAC","0","00000070","USD","2023-02-16 21:43:56","0058a00000MNWtKAAX","2023-02-16 21:43:56","0058a00000MNWtKAAX","2023-02-16 21:43:56","0XB8a0000009EqiGAE","0038a000037KP1CAAW","0"
"0XF8a000000Yf7sGAC","0","00000071","USD","2023-02-16 21:43:56","0058a00000MNWtKAAX","2023-02-16 21:43:56","0058a00000MNWtKAAX","2023-02-16 21:43:56","0XB8a0000009EqiGAE","0038a000037KP1NAAW","0"
"0XF8a000000Yf7tGAC","0","00000072","USD","2023-02-16 21:43:56","0058a00000MNWtKAAX","2023-02-16 21:43:56","0058a00000MNWtKAAX","2023-02-16 21:43:56","0XB8a0000009EqiGAE","0038a000037JQI5AAO","0"
"0XF8a000000Yf7uGAC","0","00000073","USD","2023-02-16 21:43:56","0058a00000MNWtKAAX","2023-02-16 21:43:56","0058a00000MNWtKAAX","2023-02-16 21:43:56","0XB8a0000009EqiGAE","0038a000037KP0nAAG","0"
"0XF8a000000Yf7vGAC","0","00000074","USD","2023-02-16 21:43:56","0058a00000MNWtKAAX","2023-02-16 21:43:56","0058a00000MNWtKAAX","2023-02-16 21:43:56","0XB8a0000009EqiGAE","0038a000037KP20AAG","0"
"0XF8a000000Yf7wGAC","0","00000075","USD","2023-02-16 21:43:56","0058a00000MNWtKAAX","2023-02-16 21:43:56","0058a00000MNWtKAAX","2023-02-16 21:43:56","0XB8a0000009EqiGAE","0038a000037KP1MAAW","0"
"0XF8a000000Yf7xGAC","0","00000076","USD","2023-02-16 21:43:56","0058a00000MNWtKAAX","2023-02-16 21:43:56","0058a00000MNWtKAAX","2023-02-16 21:43:56","0XB8a0000009EqiGAE","0038a000037KOyOAAW","0"
"0XF8a000000Yf7yGAC","0","00000077","USD","2023-02-16 21:43:56","0058a00000MNWtKAAX","2023-02-16 21:43:56","0058a00000MNWtKAAX","2023-02-16 21:43:56","0XB8a0000009EqiGAE","0038a000037KOzQAAW","0"
"0XF8a000000Yf7zGAC","0","00000078","USD","2023-02-16 21:43:56","0058a00000MNWtKAAX","2023-02-16 21:43:56","0058a00000MNWtKAAX","2023-02-16 21:43:56","0XB8a0000009EqiGAE","0038a000037KP0dAAG","0"
"0XF8a000000YfHMGA0","0","00000079","USD","2023-02-17 19:48:40","0058a00000MNWtKAAX","2023-02-17 19:48:40","0058a00000MNWtKAAX","2023-02-17 19:48:40","0XB8a0000009EsAGAU","0038a000037KP1CAAW","0"
"0XF8a000000YfHNGA0","0","00000080","USD","2023-02-17 19:48:40","0058a00000MNWtKAAX","2023-02-17 19:48:40","0058a00000MNWtKAAX","2023-02-17 19:48:40","0XB8a0000009EsAGAU","0038a000037KP1NAAW","0"
"0XF8a000000YfHOGA0","0","00000081","USD","2023-02-17 19:48:40","0058a00000MNWtKAAX","2023-02-17 19:48:40","0058a00000MNWtKAAX","2023-02-17 19:48:40","0XB8a0000009EsAGAU","0038a000037JQI5AAO","0"
"0XF8a000000YfHPGA0","0","00000082","USD","2023-02-17 19:48:40","0058a00000MNWtKAAX","2023-02-17 19:48:40","0058a00000MNWtKAAX","2023-02-17 19:48:40","0XB8a0000009EsAGAU","0038a000037KP20AAG","0"
"0XF8a000000YfHQGA0","0","00000083","USD","2023-02-17 19:48:40","0058a00000MNWtKAAX","2023-02-17 19:48:40","0058a00000MNWtKAAX","2023-02-17 19:48:40","0XB8a0000009EsAGAU","0038a000037KP0nAAG","0"
"0XF8a000000YfHRGA0","0","00000084","USD","2023-02-17 19:48:40","0058a00000MNWtKAAX","2023-02-17 19:48:40","0058a00000MNWtKAAX","2023-02-17 19:48:40","0XB8a0000009EsAGAU","0038a000037KP1MAAW","0"
"0XF8a000000YfHSGA0","0","00000085","USD","2023-02-17 19:48:40","0058a00000MNWtKAAX","2023-02-17 19:48:40","0058a00000MNWtKAAX","2023-02-17 19:48:40","0XB8a0000009EsAGAU","0038a000037KOyOAAW","0"
"0XF8a000000YfHTGA0","0","00000086","USD","2023-02-17 19:48:40","0058a00000MNWtKAAX","2023-02-17 19:48:40","0058a00000MNWtKAAX","2023-02-17 19:48:40","0XB8a0000009EsAGAU","0038a000037KOzQAAW","0"
"0XF8a000000YfHUGA0","0","00000087","USD","2023-02-17 19:48:40","0058a00000MNWtKAAX","2023-02-17 19:48:40","0058a00000MNWtKAAX","2023-02-17 19:48:40","0XB8a0000009EsAGAU","0038a000037KP0dAAG","0"
"0XF8a000000YkGHGA0","0","00000088","USD","2023-03-08 18:20:30","0058a00000MNWtKAAX","2023-03-08 18:20:30","0058a00000MNWtKAAX","2023-03-08 18:20:30","0XB8a0000009FQMGA2","0038a000037KP1CAAW","0"
"0XF8a000000YkGIGA0","0","00000089","USD","2023-03-08 18:20:30","0058a00000MNWtKAAX","2023-03-08 18:20:30","0058a00000MNWtKAAX","2023-03-08 18:20:30","0XB8a0000009FQMGA2","0038a000037KP1NAAW","0"
"0XF8a000000YkGJGA0","0","00000090","USD","2023-03-08 18:20:30","0058a00000MNWtKAAX","2023-03-08 18:20:30","0058a00000MNWtKAAX","2023-03-08 18:20:30","0XB8a0000009FQMGA2","0038a000037JQI5AAO","0"
"0XF8a000000YkGKGA0","0","00000091","USD","2023-03-08 18:20:30","0058a00000MNWtKAAX","2023-03-08 18:20:30","0058a00000MNWtKAAX","2023-03-08 18:20:30","0XB8a0000009FQMGA2","0038a000037KP0nAAG","0"
"0XF8a000000YkGLGA0","0","00000092","USD","2023-03-08 18:20:30","0058a00000MNWtKAAX","2023-03-08 18:20:30","0058a00000MNWtKAAX","2023-03-08 18:20:30","0XB8a0000009FQMGA2","0038a000037KP20AAG","0"
"0XF8a000000YkGMGA0","0","00000093","USD","2023-03-08 18:20:30","0058a00000MNWtKAAX","2023-03-08 18:20:30","0058a00000MNWtKAAX","2023-03-08 18:20:30","0XB8a0000009FQMGA2","0038a000037KP1MAAW","0"
"0XF8a000000YkGNGA0","0","00000094","USD","2023-03-08 18:20:30","0058a00000MNWtKAAX","2023-03-08 18:20:30","0058a00000MNWtKAAX","2023-03-08 18:20:30","0XB8a0000009FQMGA2","0038a000037KOyOAAW","0"
"0XF8a000000YkGOGA0","0","00000095","USD","2023-03-08 18:20:30","0058a00000MNWtKAAX","2023-03-08 18:20:30","0058a00000MNWtKAAX","2023-03-08 18:20:30","0XB8a0000009FQMGA2","0038a000037KOzQAAW","0"
"0XF8a000000YkGPGA0","0","00000096","USD","2023-03-08 18:20:30","0058a00000MNWtKAAX","2023-03-08 18:20:30","0058a00000MNWtKAAX","2023-03-08 18:20:30","0XB8a0000009FQMGA2","0038a000037KP0dAAG","0"
"0XF8a000000YkGQGA0","0","00000097","USD","2023-03-08 18:22:28","0058a00000MNWtKAAX","2023-03-08 18:22:28","0058a00000MNWtKAAX","2023-03-08 18:22:28","0XB8a0000009FQRGA2","0038a00003C5aZfAAJ","0"
"0XF8a000000YkGRGA0","0","00000098","USD","2023-03-08 18:22:28","0058a00000MNWtKAAX","2023-03-08 18:22:28","0058a00000MNWtKAAX","2023-03-08 18:22:28","0XB8a0000009FQRGA2","0038a00003C5aamAAB","0"
"0XF8a000000YkGSGA0","0","00000099","USD","2023-03-08 18:22:28","0058a00000MNWtKAAX","2023-03-08 18:22:28","0058a00000MNWtKAAX","2023-03-08 18:22:28","0XB8a0000009FQRGA2","0038a00003C5anxAAB","0"
"0XF8a000000YkGTGA0","0","00000100","USD","2023-03-08 18:22:28","0058a00000MNWtKAAX","2023-03-08 18:22:28","0058a00000MNWtKAAX","2023-03-08 18:22:28","0XB8a0000009FQRGA2","0038a00003C5aoyAAB","0"
"0XF8a000000YkGUGA0","0","00000101","USD","2023-03-08 18:22:28","0058a00000MNWtKAAX","2023-03-08 18:22:28","0058a00000MNWtKAAX","2023-03-08 18:22:28","0XB8a0000009FQRGA2","0038a00003C5aZeAAJ","0"
"0XF8a000000YkGVGA0","0","00000102","USD","2023-03-08 18:22:28","0058a00000MNWtKAAX","2023-03-08 18:22:28","0058a00000MNWtKAAX","2023-03-08 18:22:28","0XB8a0000009FQRGA2","0038a00003C5acnAAB","0"
"0XF8a000000YkGWGA0","0","00000103","USD","2023-03-08 18:22:28","0058a00000MNWtKAAX","2023-03-08 18:22:28","0058a00000MNWtKAAX","2023-03-08 18:22:28","0XB8a0000009FQRGA2","0038a00003C5anvAAB","0"
"0XF8a000000YkGXGA0","0","00000104","USD","2023-03-08 18:22:28","0058a00000MNWtKAAX","2023-03-08 18:22:28","0058a00000MNWtKAAX","2023-03-08 18:22:28","0XB8a0000009FQRGA2","0038a00003C5anwAAB","0"
"0XF8a000000YkGYGA0","0","00000105","USD","2023-03-08 18:22:28","0058a00000MNWtKAAX","2023-03-08 18:22:28","0058a00000MNWtKAAX","2023-03-08 18:22:28","0XB8a0000009FQRGA2","0038a00003C5abVAAR","0"
"0XF8a000000YkGZGA0","0","00000106","USD","2023-03-08 18:22:28","0058a00000MNWtKAAX","2023-03-08 18:22:28","0058a00000MNWtKAAX","2023-03-08 18:22:28","0XB8a0000009FQRGA2","0038a00003C5adbAAB","0"
"0XF8a000000YkGaGAK","0","00000107","USD","2023-03-08 18:22:28","0058a00000MNWtKAAX","2023-03-08 18:22:28","0058a00000MNWtKAAX","2023-03-08 18:22:28","0XB8a0000009FQRGA2","0038a00003C5aaEAAR","0"
"0XF8a000000YkGbGAK","0","00000108","USD","2023-03-08 18:22:28","0058a00000MNWtKAAX","2023-03-08 18:22:28","0058a00000MNWtKAAX","2023-03-08 18:22:28","0XB8a0000009FQRGA2","0038a00003C5aprAAB","0"
"0XF8a000000YkGcGAK","0","00000109","USD","2023-03-08 18:22:28","0058a00000MNWtKAAX","2023-03-08 18:22:28","0058a00000MNWtKAAX","2023-03-08 18:22:28","0XB8a0000009FQRGA2","0038a00003C5apsAAB","0"
"0XF8a000000YkGdGAK","0","00000110","USD","2023-03-08 18:22:28","0058a00000MNWtKAAX","2023-03-08 18:22:28","0058a00000MNWtKAAX","2023-03-08 18:22:28","0XB8a0000009FQRGA2","0038a00003C5aQrAAJ","0"
"0XF8a000000YkGeGAK","0","00000111","USD","2023-03-08 18:23:59","0058a00000MNWtKAAX","2023-03-08 18:23:59","0058a00000MNWtKAAX","2023-03-08 18:23:59","0XB8a0000009FQWGA2","0038a00003A1AjvAAF","0"
"0XF8a000000YkGfGAK","0","00000112","USD","2023-03-08 18:23:59","0058a00000MNWtKAAX","2023-03-08 18:23:59","0058a00000MNWtKAAX","2023-03-08 18:23:59","0XB8a0000009FQWGA2","0038a00003C5aZfAAJ","0"
"0XF8a000000YkGgGAK","0","00000113","USD","2023-03-08 18:23:59","0058a00000MNWtKAAX","2023-03-08 18:23:59","0058a00000MNWtKAAX","2023-03-08 18:23:59","0XB8a0000009FQWGA2","0038a00003C5aamAAB","0"
"0XF8a000000YkGhGAK","0","00000114","USD","2023-03-08 18:23:59","0058a00000MNWtKAAX","2023-03-08 18:23:59","0058a00000MNWtKAAX","2023-03-08 18:23:59","0XB8a0000009FQWGA2","0038a00003C5anxAAB","0"
"0XF8a000000YkGiGAK","0","00000115","USD","2023-03-08 18:23:59","0058a00000MNWtKAAX","2023-03-08 18:23:59","0058a00000MNWtKAAX","2023-03-08 18:23:59","0XB8a0000009FQWGA2","0038a00003C5aoyAAB","0"
"0XF8a000000YkGjGAK","0","00000116","USD","2023-03-08 18:23:59","0058a00000MNWtKAAX","2023-03-08 18:23:59","0058a00000MNWtKAAX","2023-03-08 18:23:59","0XB8a0000009FQWGA2","0038a00003C5aZeAAJ","0"
"0XF8a000000YkGkGAK","0","00000117","USD","2023-03-08 18:23:59","0058a00000MNWtKAAX","2023-03-08 18:23:59","0058a00000MNWtKAAX","2023-03-08 18:23:59","0XB8a0000009FQWGA2","0038a00003C5acnAAB","0"
"0XF8a000000YkGlGAK","0","00000118","USD","2023-03-08 18:23:59","0058a00000MNWtKAAX","2023-03-08 18:23:59","0058a00000MNWtKAAX","2023-03-08 18:23:59","0XB8a0000009FQWGA2","0038a00003C5anvAAB","0"
"0XF8a000000YkGmGAK","0","00000119","USD","2023-03-08 18:23:59","0058a00000MNWtKAAX","2023-03-08 18:23:59","0058a00000MNWtKAAX","2023-03-08 18:23:59","0XB8a0000009FQWGA2","0038a00003C5anwAAB","0"
"0XF8a000000YkGnGAK","0","00000120","USD","2023-03-08 18:23:59","0058a00000MNWtKAAX","2023-03-08 18:23:59","0058a00000MNWtKAAX","2023-03-08 18:23:59","0XB8a0000009FQWGA2","0038a00003C5721AAB","0"
"0XF8a000000YkGoGAK","0","00000121","USD","2023-03-08 18:23:59","0058a00000MNWtKAAX","2023-03-08 18:23:59","0058a00000MNWtKAAX","2023-03-08 18:23:59","0XB8a0000009FQWGA2","0038a00003C5abVAAR","0"
"0XF8a000000YkGpGAK","0","00000122","USD","2023-03-08 18:23:59","0058a00000MNWtKAAX","2023-03-08 18:23:59","0058a00000MNWtKAAX","2023-03-08 18:23:59","0XB8a0000009FQWGA2","0038a00003C5adbAAB","0"
"0XF8a000000YkGqGAK","0","00000123","USD","2023-03-08 18:23:59","0058a00000MNWtKAAX","2023-03-08 18:23:59","0058a00000MNWtKAAX","2023-03-08 18:23:59","0XB8a0000009FQWGA2","0038a000039zpQaAAI","0"
"0XF8a000000YkGrGAK","0","00000124","USD","2023-03-08 18:23:59","0058a00000MNWtKAAX","2023-03-08 18:23:59","0058a00000MNWtKAAX","2023-03-08 18:23:59","0XB8a0000009FQWGA2","0038a000037JBWOAA4","0"
"0XF8a000000YkGsGAK","0","00000125","USD","2023-03-08 18:23:59","0058a00000MNWtKAAX","2023-03-08 18:23:59","0058a00000MNWtKAAX","2023-03-08 18:23:59","0XB8a0000009FQWGA2","0038a00003C5aaEAAR","0"
"0XF8a000000YkGtGAK","0","00000126","USD","2023-03-08 18:23:59","0058a00000MNWtKAAX","2023-03-08 18:23:59","0058a00000MNWtKAAX","2023-03-08 18:23:59","0XB8a0000009FQWGA2","0038a00003C5aprAAB","0"
"0XF8a000000YkGuGAK","0","00000127","USD","2023-03-08 18:23:59","0058a00000MNWtKAAX","2023-03-08 18:23:59","0058a00000MNWtKAAX","2023-03-08 18:23:59","0XB8a0000009FQWGA2","0038a00003C5apsAAB","0"
"0XF8a000000YkGvGAK","0","00000128","USD","2023-03-08 18:23:59","0058a00000MNWtKAAX","2023-03-08 18:23:59","0058a00000MNWtKAAX","2023-03-08 18:23:59","0XB8a0000009FQWGA2","0038a00003C5Ti9AAF","0"
"0XF8a000000YkGwGAK","0","00000129","USD","2023-03-08 18:23:59","0058a00000MNWtKAAX","2023-03-08 18:23:59","0058a00000MNWtKAAX","2023-03-08 18:23:59","0XB8a0000009FQWGA2","0038a000037JBYyAAO","0"
"0XF8a000000YkGxGAK","0","00000130","USD","2023-03-08 18:23:59","0058a00000MNWtKAAX","2023-03-08 18:23:59","0058a00000MNWtKAAX","2023-03-08 18:23:59","0XB8a0000009FQWGA2","0038a00003C5aQrAAJ","0"
"0XF8a000000ooy8GAA","0","00000131","USD","2023-04-13 17:41:35","0058a00000MNWtKAAX","2023-04-13 17:41:35","0058a00000MNWtKAAX","2023-04-13 17:41:35","0XB8a000000ogqlGAA","0038a000039zpQaAAI","0"
"0XF8a000000ooy9GAA","0","00000132","USD","2023-04-13 17:41:35","0058a00000MNWtKAAX","2023-04-13 17:41:35","0058a00000MNWtKAAX","2023-04-13 17:41:35","0XB8a000000ogqlGAA","0038a00003A1AjvAAF","0"
"0XF8a000000ooyAGAQ","0","00000133","USD","2023-04-13 17:41:35","0058a00000MNWtKAAX","2023-04-13 17:41:35","0058a00000MNWtKAAX","2023-04-13 17:41:35","0XB8a000000ogqlGAA","0038a000037JBWOAA4","0"
"0XF8a000000ooyBGAQ","0","00000134","USD","2023-04-13 17:41:35","0058a00000MNWtKAAX","2023-04-13 17:41:35","0058a00000MNWtKAAX","2023-04-13 17:41:35","0XB8a000000ogqlGAA","0038a00003C5721AAB","0"
"0XF8a000000ooyCGAQ","0","00000135","USD","2023-04-13 17:41:35","0058a00000MNWtKAAX","2023-04-13 17:41:35","0058a00000MNWtKAAX","2023-04-13 17:41:35","0XB8a000000ogqlGAA","0038a00003A1AmBAAV","0"
"0XF8a000000ooyDGAQ","0","00000136","USD","2023-04-13 17:41:35","0058a00000MNWtKAAX","2023-04-13 17:41:35","0058a00000MNWtKAAX","2023-04-13 17:41:35","0XB8a000000ogqlGAA","0038a00003FWYT6AAP","0"
"0XF8a000000ooyEGAQ","0","00000137","USD","2023-04-13 17:41:35","0058a00000MNWtKAAX","2023-04-13 17:41:35","0058a00000MNWtKAAX","2023-04-13 17:41:35","0XB8a000000ogqlGAA","0038a00003C5Ti9AAF","0"
"0XF8a000000ooyFGAQ","0","00000138","USD","2023-04-13 17:41:35","0058a00000MNWtKAAX","2023-04-13 17:41:35","0058a00000MNWtKAAX","2023-04-13 17:41:35","0XB8a000000ogqlGAA","0038a000037JBYyAAO","0"
"0XF8a000000ooyGGAQ","0","00000139","USD","2023-04-13 17:43:11","0058a00000MNWtKAAX","2023-04-13 17:43:11","0058a00000MNWtKAAX","2023-04-13 17:43:11","0XB8a000000ogqqGAA","0038a00003C5aZfAAJ","0"
"0XF8a000000ooyHGAQ","0","00000140","USD","2023-04-13 17:43:11","0058a00000MNWtKAAX","2023-04-13 17:43:11","0058a00000MNWtKAAX","2023-04-13 17:43:11","0XB8a000000ogqqGAA","0038a00003C5anxAAB","0"
"0XF8a000000ooyIGAQ","0","00000141","USD","2023-04-13 17:43:11","0058a00000MNWtKAAX","2023-04-13 17:43:11","0058a00000MNWtKAAX","2023-04-13 17:43:11","0XB8a000000ogqqGAA","0038a00003C5aZeAAJ","0"
"0XF8a000000ooyJGAQ","0","00000142","USD","2023-04-13 17:43:11","0058a00000MNWtKAAX","2023-04-13 17:43:11","0058a00000MNWtKAAX","2023-04-13 17:43:11","0XB8a000000ogqqGAA","0038a00003C5anvAAB","0"
"0XF8a000000ooyKGAQ","0","00000143","USD","2023-04-13 17:43:11","0058a00000MNWtKAAX","2023-04-13 17:43:11","0058a00000MNWtKAAX","2023-04-13 17:43:11","0XB8a000000ogqqGAA","0038a00003C5anwAAB","0"
"0XF8a000000ooyLGAQ","0","00000144","USD","2023-04-13 17:43:11","0058a00000MNWtKAAX","2023-04-13 17:43:11","0058a00000MNWtKAAX","2023-04-13 17:43:11","0XB8a000000ogqqGAA","0038a00003A1ZVDAA3","0"
"0XF8a000000ooyMGAQ","0","00000145","USD","2023-04-13 17:43:11","0058a00000MNWtKAAX","2023-04-13 17:43:11","0058a00000MNWtKAAX","2023-04-13 17:43:11","0XB8a000000ogqqGAA","0038a000037KP1CAAW","0"
"0XF8a000000ooyNGAQ","0","00000146","USD","2023-04-13 17:43:11","0058a00000MNWtKAAX","2023-04-13 17:43:11","0058a00000MNWtKAAX","2023-04-13 17:43:11","0XB8a000000ogqqGAA","0038a000037JQI5AAO","0"
"0XF8a000000ooyOGAQ","0","00000147","USD","2023-04-13 17:43:11","0058a00000MNWtKAAX","2023-04-13 17:43:11","0058a00000MNWtKAAX","2023-04-13 17:43:11","0XB8a000000ogqqGAA","0038a000037KOyOAAW","0"
"0XF8a000000ooyPGAQ","0","00000148","USD","2023-04-13 17:43:11","0058a00000MNWtKAAX","2023-04-13 17:43:11","0058a00000MNWtKAAX","2023-04-13 17:43:11","0XB8a000000ogqqGAA","0038a000037KP0dAAG","0"
"0XF8a000000ooyQGAQ","0","00000149","USD","2023-04-13 17:43:11","0058a00000MNWtKAAX","2023-04-13 17:43:11","0058a00000MNWtKAAX","2023-04-13 17:43:11","0XB8a000000ogqqGAA","0038a00003C5aamAAB","0"
"0XF8a000000ooyRGAQ","0","00000150","USD","2023-04-13 17:43:11","0058a00000MNWtKAAX","2023-04-13 17:43:11","0058a00000MNWtKAAX","2023-04-13 17:43:11","0XB8a000000ogqqGAA","0038a000037KP1NAAW","0"
"0XF8a000000ooySGAQ","0","00000151","USD","2023-04-13 17:43:11","0058a00000MNWtKAAX","2023-04-13 17:43:11","0058a00000MNWtKAAX","2023-04-13 17:43:11","0XB8a000000ogqqGAA","0038a00003C5aoyAAB","0"
"0XF8a000000ooyTGAQ","0","00000152","USD","2023-04-13 17:43:11","0058a00000MNWtKAAX","2023-04-13 17:43:11","0058a00000MNWtKAAX","2023-04-13 17:43:11","0XB8a000000ogqqGAA","0038a000037KP0nAAG","0"
"0XF8a000000ooyUGAQ","0","00000153","USD","2023-04-13 17:43:11","0058a00000MNWtKAAX","2023-04-13 17:43:11","0058a00000MNWtKAAX","2023-04-13 17:43:11","0XB8a000000ogqqGAA","0038a000037KP20AAG","0"
"0XF8a000000ooyVGAQ","0","00000154","USD","2023-04-13 17:43:11","0058a00000MNWtKAAX","2023-04-13 17:43:11","0058a00000MNWtKAAX","2023-04-13 17:43:11","0XB8a000000ogqqGAA","0038a00003C5acnAAB","0"
"0XF8a000000ooyWGAQ","0","00000155","USD","2023-04-13 17:43:11","0058a00000MNWtKAAX","2023-04-13 17:43:11","0058a00000MNWtKAAX","2023-04-13 17:43:11","0XB8a000000ogqqGAA","0038a000037KP1MAAW","0"
"0XF8a000000ooyXGAQ","0","00000156","USD","2023-04-13 17:43:11","0058a00000MNWtKAAX","2023-04-13 17:43:11","0058a00000MNWtKAAX","2023-04-13 17:43:11","0XB8a000000ogqqGAA","0038a00003C5abVAAR","0"
"0XF8a000000ooyYGAQ","0","00000157","USD","2023-04-13 17:43:11","0058a00000MNWtKAAX","2023-04-13 17:43:11","0058a00000MNWtKAAX","2023-04-13 17:43:11","0XB8a000000ogqqGAA","0038a00003C5adbAAB","0"
"0XF8a000000ooyZGAQ","0","00000158","USD","2023-04-13 17:43:11","0058a00000MNWtKAAX","2023-04-13 17:43:11","0058a00000MNWtKAAX","2023-04-13 17:43:11","0XB8a000000ogqqGAA","0038a00003A16dsAAB","0"
"0XF8a000000ooyaGAA","0","00000159","USD","2023-04-13 17:43:11","0058a00000MNWtKAAX","2023-04-13 17:43:11","0058a00000MNWtKAAX","2023-04-13 17:43:11","0XB8a000000ogqqGAA","0038a00003C5aaEAAR","0"
"0XF8a000000ooybGAA","0","00000160","USD","2023-04-13 17:43:11","0058a00000MNWtKAAX","2023-04-13 17:43:11","0058a00000MNWtKAAX","2023-04-13 17:43:11","0XB8a000000ogqqGAA","0038a00003C5aprAAB","0"
"0XF8a000000ooycGAA","0","00000161","USD","2023-04-13 17:43:11","0058a00000MNWtKAAX","2023-04-13 17:43:11","0058a00000MNWtKAAX","2023-04-13 17:43:11","0XB8a000000ogqqGAA","0038a000037KOzQAAW","0"
"0XF8a000000ooydGAA","0","00000162","USD","2023-04-13 17:43:11","0058a00000MNWtKAAX","2023-04-13 17:43:11","0058a00000MNWtKAAX","2023-04-13 17:43:11","0XB8a000000ogqqGAA","0038a00003C5apsAAB","0"
"0XF8a000000ooyeGAA","0","00000163","USD","2023-04-13 17:43:11","0058a00000MNWtKAAX","2023-04-13 17:43:11","0058a00000MNWtKAAX","2023-04-13 17:43:11","0XB8a000000ogqqGAA","0038a00003C5aQrAAJ","0"
"0XF8a000000ooyfGAA","0","00000164","USD","2023-04-13 17:44:28","0058a00000MNWtKAAX","2023-04-13 17:44:28","0058a00000MNWtKAAX","2023-04-13 17:44:28","0XB8a000000ogqvGAA","0038a00003FWZIuAAP","0"
"0XF8a000000ooygGAA","0","00000165","USD","2023-04-13 17:44:28","0058a00000MNWtKAAX","2023-04-13 17:44:28","0058a00000MNWtKAAX","2023-04-13 17:44:28","0XB8a000000ogqvGAA","0038a00003FWcqWAAT","0"
"0XF8a000000ooyhGAA","0","00000166","USD","2023-04-13 17:44:28","0058a00000MNWtKAAX","2023-04-13 17:44:28","0058a00000MNWtKAAX","2023-04-13 17:44:28","0XB8a000000ogqvGAA","0038a00003FWZItAAP","0"
"0XF8a000000ooyiGAA","0","00000167","USD","2023-04-13 17:44:28","0058a00000MNWtKAAX","2023-04-13 17:44:28","0058a00000MNWtKAAX","2023-04-13 17:44:28","0XB8a000000ogqvGAA","0038a00003FWZMWAA5","0"
"0XF8a000000ooyjGAA","0","00000168","USD","2023-04-13 17:44:28","0058a00000MNWtKAAX","2023-04-13 17:44:28","0058a00000MNWtKAAX","2023-04-13 17:44:28","0XB8a000000ogqvGAA","0038a000037JAByAAO","0"
"0XF8a000000ooykGAA","0","00000169","USD","2023-04-13 17:44:28","0058a00000MNWtKAAX","2023-04-13 17:44:28","0058a00000MNWtKAAX","2023-04-13 17:44:28","0XB8a000000ogqvGAA","0038a00003DORsNAAX","0"
"0XF8a000000ooylGAA","0","00000170","USD","2023-04-13 17:44:28","0058a00000MNWtKAAX","2023-04-13 17:44:28","0058a00000MNWtKAAX","2023-04-13 17:44:28","0XB8a000000ogqvGAA","0038a00003A1ZaSAAV","0"
"0XF8a000000ooymGAA","0","00000171","USD","2023-04-13 17:44:28","0058a00000MNWtKAAX","2023-04-13 17:44:28","0058a00000MNWtKAAX","2023-04-13 17:44:28","0XB8a000000ogqvGAA","0038a00003DOS4sAAH","0"
"0XF8a000000ooynGAA","0","00000172","USD","2023-04-13 17:44:28","0058a00000MNWtKAAX","2023-04-13 17:44:28","0058a00000MNWtKAAX","2023-04-13 17:44:28","0XB8a000000ogqvGAA","0038a00003FWZkgAAH","0"
"0XF8a000000ooyoGAA","0","00000173","USD","2023-04-13 17:44:28","0058a00000MNWtKAAX","2023-04-13 17:44:28","0058a00000MNWtKAAX","2023-04-13 17:44:28","0XB8a000000ogqvGAA","0038a00003FWZkfAAH","0"
"0XF8a000000ooypGAA","0","00000174","USD","2023-04-13 17:44:28","0058a00000MNWtKAAX","2023-04-13 17:44:28","0058a00000MNWtKAAX","2023-04-13 17:44:28","0XB8a000000ogqvGAA","0038a00003DOS3VAAX","0"
"0XF8a000000ooyqGAA","0","00000175","USD","2023-04-13 17:44:28","0058a00000MNWtKAAX","2023-04-13 17:44:28","0058a00000MNWtKAAX","2023-04-13 17:44:28","0XB8a000000ogqvGAA","0038a00003A0xXDAAZ","0"
"0XF8a000000ooyrGAA","0","00000176","USD","2023-04-13 17:44:28","0058a00000MNWtKAAX","2023-04-13 17:44:28","0058a00000MNWtKAAX","2023-04-13 17:44:28","0XB8a000000ogqvGAA","0038a00003A0xXEAAZ","0"
"0XF8a000000ooysGAA","0","00000177","USD","2023-04-13 17:45:21","0058a00000MNWtKAAX","2023-04-13 17:45:21","0058a00000MNWtKAAX","2023-04-13 17:45:21","0XB8a000000ogr0GAA","0038a00003DP2MaAAL","0"
"0XF8a000000ooytGAA","0","00000178","USD","2023-04-13 17:45:21","0058a00000MNWtKAAX","2023-04-13 17:45:21","0058a00000MNWtKAAX","2023-04-13 17:45:21","0XB8a000000ogr0GAA","0038a00003A1ZYRAA3","0"
"0XF8a000000ooyuGAA","0","00000179","USD","2023-04-13 17:45:21","0058a00000MNWtKAAX","2023-04-13 17:45:21","0058a00000MNWtKAAX","2023-04-13 17:45:21","0XB8a000000ogr0GAA","0038a00003DNpgTAAT","0"
"0XF8a000000ooyvGAA","0","00000180","USD","2023-04-13 17:45:21","0058a00000MNWtKAAX","2023-04-13 17:45:21","0058a00000MNWtKAAX","2023-04-13 17:45:21","0XB8a000000ogr0GAA","0038a00003A1ZYlAAN","0"
"0XF8a000000opf7GAA","0","00000181","USD","2023-04-26 16:48:12","0058a00000MNWtKAAX","2023-04-26 16:48:12","0058a00000MNWtKAAX","2023-04-26 16:48:12","0XB8a000000oh6KGAQ","0038a00003C5aZfAAJ","0"
"0XF8a000000opf8GAA","0","00000182","USD","2023-04-26 16:48:12","0058a00000MNWtKAAX","2023-04-26 16:48:12","0058a00000MNWtKAAX","2023-04-26 16:48:12","0XB8a000000oh6KGAQ","0038a00003C5anxAAB","0"
"0XF8a000000opf9GAA","0","00000183","USD","2023-04-26 16:48:12","0058a00000MNWtKAAX","2023-04-26 16:48:12","0058a00000MNWtKAAX","2023-04-26 16:48:12","0XB8a000000oh6KGAQ","0038a00003C5aZeAAJ","0"
"0XF8a000000opfAGAQ","0","00000184","USD","2023-04-26 16:48:12","0058a00000MNWtKAAX","2023-04-26 16:48:12","0058a00000MNWtKAAX","2023-04-26 16:48:12","0XB8a000000oh6KGAQ","0038a00003C5anvAAB","0"
"0XF8a000000opfBGAQ","0","00000185","USD","2023-04-26 16:48:12","0058a00000MNWtKAAX","2023-04-26 16:48:12","0058a00000MNWtKAAX","2023-04-26 16:48:12","0XB8a000000oh6KGAQ","0038a00003C5anwAAB","0"
"0XF8a000000opfCGAQ","0","00000186","USD","2023-04-26 16:48:12","0058a00000MNWtKAAX","2023-04-26 16:48:12","0058a00000MNWtKAAX","2023-04-26 16:48:12","0XB8a000000oh6KGAQ","0038a00003A1ZVDAA3","0"
"0XF8a000000opfDGAQ","0","00000187","USD","2023-04-26 16:48:12","0058a00000MNWtKAAX","2023-04-26 16:48:12","0058a00000MNWtKAAX","2023-04-26 16:48:12","0XB8a000000oh6KGAQ","0038a000037KP1CAAW","0"
"0XF8a000000opfEGAQ","0","00000188","USD","2023-04-26 16:48:12","0058a00000MNWtKAAX","2023-04-26 16:48:12","0058a00000MNWtKAAX","2023-04-26 16:48:12","0XB8a000000oh6KGAQ","0038a000037JQI5AAO","0"
"0XF8a000000opfFGAQ","0","00000189","USD","2023-04-26 16:48:12","0058a00000MNWtKAAX","2023-04-26 16:48:12","0058a00000MNWtKAAX","2023-04-26 16:48:12","0XB8a000000oh6KGAQ","0038a00003C69LnAAJ","0"
"0XF8a000000opfGGAQ","0","00000190","USD","2023-04-26 16:48:12","0058a00000MNWtKAAX","2023-04-26 16:48:12","0058a00000MNWtKAAX","2023-04-26 16:48:12","0XB8a000000oh6KGAQ","0038a000037KOyOAAW","0"
"0XF8a000000opfHGAQ","0","00000191","USD","2023-04-26 16:48:12","0058a00000MNWtKAAX","2023-04-26 16:48:12","0058a00000MNWtKAAX","2023-04-26 16:48:12","0XB8a000000oh6KGAQ","0038a000037KP0dAAG","0"
"0XF8a000000opfIGAQ","0","00000192","USD","2023-04-26 16:48:12","0058a00000MNWtKAAX","2023-04-26 16:48:12","0058a00000MNWtKAAX","2023-04-26 16:48:12","0XB8a000000oh6KGAQ","0038a00003C5aamAAB","0"
"0XF8a000000opfJGAQ","0","00000193","USD","2023-04-26 16:48:12","0058a00000MNWtKAAX","2023-04-26 16:48:12","0058a00000MNWtKAAX","2023-04-26 16:48:12","0XB8a000000oh6KGAQ","0038a000037KP1NAAW","0"
"0XF8a000000opfKGAQ","0","00000194","USD","2023-04-26 16:48:12","0058a00000MNWtKAAX","2023-04-26 16:48:12","0058a00000MNWtKAAX","2023-04-26 16:48:12","0XB8a000000oh6KGAQ","0038a00003C5aoyAAB","0"
"0XF8a000000opfLGAQ","0","00000195","USD","2023-04-26 16:48:12","0058a00000MNWtKAAX","2023-04-26 16:48:12","0058a00000MNWtKAAX","2023-04-26 16:48:12","0XB8a000000oh6KGAQ","0038a000037KP0nAAG","0"
"0XF8a000000opfMGAQ","0","00000196","USD","2023-04-26 16:48:12","0058a00000MNWtKAAX","2023-04-26 16:48:12","0058a00000MNWtKAAX","2023-04-26 16:48:12","0XB8a000000oh6KGAQ","0038a000037KP20AAG","0"
"0XF8a000000opfNGAQ","0","00000197","USD","2023-04-26 16:48:12","0058a00000MNWtKAAX","2023-04-26 16:48:12","0058a00000MNWtKAAX","2023-04-26 16:48:12","0XB8a000000oh6KGAQ","0038a00003C5acnAAB","0"
"0XF8a000000opfOGAQ","0","00000198","USD","2023-04-26 16:48:12","0058a00000MNWtKAAX","2023-04-26 16:48:12","0058a00000MNWtKAAX","2023-04-26 16:48:12","0XB8a000000oh6KGAQ","0038a000037KP1MAAW","0"
"0XF8a000000opfPGAQ","0","00000199","USD","2023-04-26 16:48:12","0058a00000MNWtKAAX","2023-04-26 16:48:12","0058a00000MNWtKAAX","2023-04-26 16:48:12","0XB8a000000oh6KGAQ","0038a00003C5abVAAR","0"
"0XF8a000000opfQGAQ","0","00000200","USD","2023-04-26 16:48:12","0058a00000MNWtKAAX","2023-04-26 16:48:12","0058a00000MNWtKAAX","2023-04-26 16:48:12","0XB8a000000oh6KGAQ","0038a00003C5adbAAB","0"
"0XF8a000000opfRGAQ","0","00000201","USD","2023-04-26 16:48:12","0058a00000MNWtKAAX","2023-04-26 16:48:12","0058a00000MNWtKAAX","2023-04-26 16:48:12","0XB8a000000oh6KGAQ","0038a00003A16dsAAB","0"
"0XF8a000000opfSGAQ","0","00000202","USD","2023-04-26 16:48:12","0058a00000MNWtKAAX","2023-04-26 16:48:12","0058a00000MNWtKAAX","2023-04-26 16:48:12","0XB8a000000oh6KGAQ","0038a00003C5aaEAAR","0"
"0XF8a000000opfTGAQ","0","00000203","USD","2023-04-26 16:48:12","0058a00000MNWtKAAX","2023-04-26 16:48:12","0058a00000MNWtKAAX","2023-04-26 16:48:12","0XB8a000000oh6KGAQ","0038a00003HUN6SAAX","0"
"0XF8a000000opfUGAQ","0","00000204","USD","2023-04-26 16:48:12","0058a00000MNWtKAAX","2023-04-26 16:48:12","0058a00000MNWtKAAX","2023-04-26 16:48:12","0XB8a000000oh6KGAQ","0038a00003C5aprAAB","0"
"0XF8a000000opfVGAQ","0","00000205","USD","2023-04-26 16:48:12","0058a00000MNWtKAAX","2023-04-26 16:48:12","0058a00000MNWtKAAX","2023-04-26 16:48:12","0XB8a000000oh6KGAQ","0038a000037KOzQAAW","0"
"0XF8a000000opfWGAQ","0","00000206","USD","2023-04-26 16:48:12","0058a00000MNWtKAAX","2023-04-26 16:48:12","0058a00000MNWtKAAX","2023-04-26 16:48:12","0XB8a000000oh6KGAQ","0038a00003C5apsAAB","0"
"0XF8a000000opfXGAQ","0","00000207","USD","2023-04-26 16:48:12","0058a00000MNWtKAAX","2023-04-26 16:48:12","0058a00000MNWtKAAX","2023-04-26 16:48:12","0XB8a000000oh6KGAQ","0038a00003C5aQrAAJ","0"
"0XF8a000000opfYGAQ","0","00000208","USD","2023-04-26 16:56:43","0058a00000MNWtKAAX","2023-04-26 16:56:43","0058a00000MNWtKAAX","2023-04-26 16:56:43","0XB8a000000oh6ZGAQ","0038a00003FWZIuAAP","0"
"0XF8a000000opfZGAQ","0","00000209","USD","2023-04-26 16:56:43","0058a00000MNWtKAAX","2023-04-26 16:56:43","0058a00000MNWtKAAX","2023-04-26 16:56:43","0XB8a000000oh6ZGAQ","0038a00003FWZkgAAH","0"
"0XF8a000000opfaGAA","0","00000210","USD","2023-04-26 16:56:43","0058a00000MNWtKAAX","2023-04-26 16:56:43","0058a00000MNWtKAAX","2023-04-26 16:56:43","0XB8a000000oh6ZGAQ","0038a00003FWcqWAAT","0"
"0XF8a000000opfbGAA","0","00000211","USD","2023-04-26 16:56:43","0058a00000MNWtKAAX","2023-04-26 16:56:43","0058a00000MNWtKAAX","2023-04-26 16:56:43","0XB8a000000oh6ZGAQ","0038a00003FWZItAAP","0"
"0XF8a000000opfcGAA","0","00000212","USD","2023-04-26 16:56:43","0058a00000MNWtKAAX","2023-04-26 16:56:43","0058a00000MNWtKAAX","2023-04-26 16:56:43","0XB8a000000oh6ZGAQ","0038a00003FWZkfAAH","0"
"0XF8a000000opfdGAA","0","00000213","USD","2023-04-26 16:56:43","0058a00000MNWtKAAX","2023-04-26 16:56:43","0058a00000MNWtKAAX","2023-04-26 16:56:43","0XB8a000000oh6ZGAQ","0038a00003FWZMWAA5","0"
"0XF8a000000opfeGAA","0","00000214","USD","2023-04-26 16:56:43","0058a00000MNWtKAAX","2023-04-26 16:56:43","0058a00000MNWtKAAX","2023-04-26 16:56:43","0XB8a000000oh6ZGAQ","0038a00003HUN9MAAX","0"
"0XF8a000000opffGAA","0","00000215","USD","2023-04-26 16:56:43","0058a00000MNWtKAAX","2023-04-26 16:56:43","0058a00000MNWtKAAX","2023-04-26 16:56:43","0XB8a000000oh6ZGAQ","0038a00003HUN4mAAH","0"
"0XF8a000000opfgGAA","0","00000216","USD","2023-04-26 16:56:43","0058a00000MNWtKAAX","2023-04-26 16:56:43","0058a00000MNWtKAAX","2023-04-26 16:56:43","0XB8a000000oh6ZGAQ","0038a00003HUN3ZAAX","0"
"0XF8a000000opfhGAA","0","00000217","USD","2023-04-26 16:56:43","0058a00000MNWtKAAX","2023-04-26 16:56:43","0058a00000MNWtKAAX","2023-04-26 16:56:43","0XB8a000000oh6ZGAQ","0038a00003HUNBHAA5","0"
"0XF8a000000opfiGAA","0","00000218","USD","2023-04-26 16:56:43","0058a00000MNWtKAAX","2023-04-26 16:56:43","0058a00000MNWtKAAX","2023-04-26 16:56:43","0XB8a000000oh6ZGAQ","0038a00003A1ZaSAAV","0"
"0XF8a000000opfjGAA","0","00000219","USD","2023-04-26 16:56:43","0058a00000MNWtKAAX","2023-04-26 16:56:43","0058a00000MNWtKAAX","2023-04-26 16:56:43","0XB8a000000oh6ZGAQ","0038a00003HUN4nAAH","0"
"0XF8a000000opfkGAA","0","00000220","USD","2023-04-26 16:57:37","0058a00000MNWtKAAX","2023-04-26 16:57:37","0058a00000MNWtKAAX","2023-04-26 16:57:37","0XB8a000000oh6eGAA","0038a00003DOS4sAAH","0"
"0XF8a000000opflGAA","0","00000221","USD","2023-04-26 16:57:37","0058a00000MNWtKAAX","2023-04-26 16:57:37","0058a00000MNWtKAAX","2023-04-26 16:57:37","0XB8a000000oh6eGAA","0038a00003DOS3VAAX","0"
"0XF8a000000opfmGAA","0","00000222","USD","2023-04-26 16:57:37","0058a00000MNWtKAAX","2023-04-26 16:57:37","0058a00000MNWtKAAX","2023-04-26 16:57:37","0XB8a000000oh6eGAA","0038a00003A0xXDAAZ","0"
"0XF8a000000opfnGAA","0","00000223","USD","2023-04-26 16:57:37","0058a00000MNWtKAAX","2023-04-26 16:57:37","0058a00000MNWtKAAX","2023-04-26 16:57:37","0XB8a000000oh6eGAA","0038a00003A1AczAAF","0"
"0XF8a000000opfoGAA","0","00000224","USD","2023-04-26 16:57:37","0058a00000MNWtKAAX","2023-04-26 16:57:37","0058a00000MNWtKAAX","2023-04-26 16:57:37","0XB8a000000oh6eGAA","0038a000037JAByAAO","0"
"0XF8a000000opfpGAA","0","00000225","USD","2023-04-26 16:57:37","0058a00000MNWtKAAX","2023-04-26 16:57:37","0058a00000MNWtKAAX","2023-04-26 16:57:37","0XB8a000000oh6eGAA","0038a00003DORsNAAX","0"
"0XF8a000000opfqGAA","0","00000226","USD","2023-04-26 16:58:08","0058a00000MNWtKAAX","2023-04-26 16:58:08","0058a00000MNWtKAAX","2023-04-26 16:58:08","0XB8a000000oh6jGAA","0038a00003DP2MaAAL","0"
"0XF8a000000opfrGAA","0","00000227","USD","2023-04-26 16:58:08","0058a00000MNWtKAAX","2023-04-26 16:58:08","0058a00000MNWtKAAX","2023-04-26 16:58:08","0XB8a000000oh6jGAA","0038a00003A1ZYRAA3","0"
"0XF8a000000opfsGAA","0","00000228","USD","2023-04-26 16:58:08","0058a00000MNWtKAAX","2023-04-26 16:58:08","0058a00000MNWtKAAX","2023-04-26 16:58:08","0XB8a000000oh6jGAA","0038a00003DNpgTAAT","0"
"0XF8a000000opftGAA","0","00000229","USD","2023-04-26 16:58:08","0058a00000MNWtKAAX","2023-04-26 16:58:08","0058a00000MNWtKAAX","2023-04-26 16:58:08","0XB8a000000oh6jGAA","0038a00003A1ZYlAAN","0"
"0XF8a000000orgjGAA","0","00000230","USD","2023-05-29 20:41:31","0058a00000MNWtKAAX","2023-05-29 20:41:31","0058a00000MNWtKAAX","2023-05-29 20:41:31","0XB8a000000ohhBGAQ","0038a00003C5aZfAAJ","0"
"0XF8a000000orgkGAA","0","00000231","USD","2023-05-29 20:41:31","0058a00000MNWtKAAX","2023-05-29 20:41:31","0058a00000MNWtKAAX","2023-05-29 20:41:31","0XB8a000000ohhBGAQ","0038a00003C5anxAAB","0"
"0XF8a000000orglGAA","0","00000232","USD","2023-05-29 20:41:31","0058a00000MNWtKAAX","2023-05-29 20:41:31","0058a00000MNWtKAAX","2023-05-29 20:41:31","0XB8a000000ohhBGAQ","0038a00003C5aZeAAJ","0"
"0XF8a000000orgmGAA","0","00000233","USD","2023-05-29 20:41:31","0058a00000MNWtKAAX","2023-05-29 20:41:31","0058a00000MNWtKAAX","2023-05-29 20:41:31","0XB8a000000ohhBGAQ","0038a00003C5anvAAB","0"
"0XF8a000000orgnGAA","0","00000234","USD","2023-05-29 20:41:31","0058a00000MNWtKAAX","2023-05-29 20:41:31","0058a00000MNWtKAAX","2023-05-29 20:41:31","0XB8a000000ohhBGAQ","0038a00003C5anwAAB","0"
"0XF8a000000orgoGAA","0","00000235","USD","2023-05-29 20:41:31","0058a00000MNWtKAAX","2023-05-29 20:41:31","0058a00000MNWtKAAX","2023-05-29 20:41:31","0XB8a000000ohhBGAQ","0038a00003A1ZVDAA3","0"
"0XF8a000000orgpGAA","0","00000236","USD","2023-05-29 20:41:31","0058a00000MNWtKAAX","2023-05-29 20:41:31","0058a00000MNWtKAAX","2023-05-29 20:41:31","0XB8a000000ohhBGAQ","0038a00003HUN3YAAX","0"
"0XF8a000000orgqGAA","0","00000237","USD","2023-05-29 20:41:31","0058a00000MNWtKAAX","2023-05-29 20:41:31","0058a00000MNWtKAAX","2023-05-29 20:41:31","0XB8a000000ohhBGAQ","0038a000037KP1CAAW","0"
"0XF8a000000orgrGAA","0","00000238","USD","2023-05-29 20:41:31","0058a00000MNWtKAAX","2023-05-29 20:41:31","0058a00000MNWtKAAX","2023-05-29 20:41:31","0XB8a000000ohhBGAQ","0038a000037JQI5AAO","0"
"0XF8a000000orgsGAA","0","00000239","USD","2023-05-29 20:41:31","0058a00000MNWtKAAX","2023-05-29 20:41:31","0058a00000MNWtKAAX","2023-05-29 20:41:31","0XB8a000000ohhBGAQ","0038a00003C69LnAAJ","0"
"0XF8a000000orgtGAA","0","00000240","USD","2023-05-29 20:41:31","0058a00000MNWtKAAX","2023-05-29 20:41:31","0058a00000MNWtKAAX","2023-05-29 20:41:31","0XB8a000000ohhBGAQ","0038a000037KOyOAAW","0"
"0XF8a000000orguGAA","0","00000241","USD","2023-05-29 20:41:31","0058a00000MNWtKAAX","2023-05-29 20:41:31","0058a00000MNWtKAAX","2023-05-29 20:41:31","0XB8a000000ohhBGAQ","0038a000037KP0dAAG","0"
"0XF8a000000orgvGAA","0","00000242","USD","2023-05-29 20:41:31","0058a00000MNWtKAAX","2023-05-29 20:41:31","0058a00000MNWtKAAX","2023-05-29 20:41:31","0XB8a000000ohhBGAQ","0038a00003HYCcDAAX","0"
"0XF8a000000orgwGAA","0","00000243","USD","2023-05-29 20:41:31","0058a00000MNWtKAAX","2023-05-29 20:41:31","0058a00000MNWtKAAX","2023-05-29 20:41:31","0XB8a000000ohhBGAQ","0038a00003C5aamAAB","0"
"0XF8a000000orgxGAA","0","00000244","USD","2023-05-29 20:41:31","0058a00000MNWtKAAX","2023-05-29 20:41:31","0058a00000MNWtKAAX","2023-05-29 20:41:31","0XB8a000000ohhBGAQ","0038a000037KP1NAAW","0"
"0XF8a000000orgyGAA","0","00000245","USD","2023-05-29 20:41:31","0058a00000MNWtKAAX","2023-05-29 20:41:31","0058a00000MNWtKAAX","2023-05-29 20:41:31","0XB8a000000ohhBGAQ","0038a00003C5aoyAAB","0"
"0XF8a000000orgzGAA","0","00000246","USD","2023-05-29 20:41:31","0058a00000MNWtKAAX","2023-05-29 20:41:31","0058a00000MNWtKAAX","2023-05-29 20:41:31","0XB8a000000ohhBGAQ","0038a000037KP0nAAG","0"
"0XF8a000000orh0GAA","0","00000247","USD","2023-05-29 20:41:31","0058a00000MNWtKAAX","2023-05-29 20:41:31","0058a00000MNWtKAAX","2023-05-29 20:41:31","0XB8a000000ohhBGAQ","0038a000037KP20AAG","0"
"0XF8a000000orh1GAA","0","00000248","USD","2023-05-29 20:41:31","0058a00000MNWtKAAX","2023-05-29 20:41:31","0058a00000MNWtKAAX","2023-05-29 20:41:31","0XB8a000000ohhBGAQ","0038a00003C5acnAAB","0"
"0XF8a000000orh2GAA","0","00000249","USD","2023-05-29 20:41:31","0058a00000MNWtKAAX","2023-05-29 20:41:31","0058a00000MNWtKAAX","2023-05-29 20:41:31","0XB8a000000ohhBGAQ","0038a000037KP1MAAW","0"
"0XF8a000000orh3GAA","0","00000250","USD","2023-05-29 20:41:31","0058a00000MNWtKAAX","2023-05-29 20:41:31","0058a00000MNWtKAAX","2023-05-29 20:41:31","0XB8a000000ohhBGAQ","0038a00003C5abVAAR","0"
"0XF8a000000orh4GAA","0","00000251","USD","2023-05-29 20:41:31","0058a00000MNWtKAAX","2023-05-29 20:41:31","0058a00000MNWtKAAX","2023-05-29 20:41:31","0XB8a000000ohhBGAQ","0038a00003C5adbAAB","0"
"0XF8a000000orh5GAA","0","00000252","USD","2023-05-29 20:41:31","0058a00000MNWtKAAX","2023-05-29 20:41:31","0058a00000MNWtKAAX","2023-05-29 20:41:31","0XB8a000000ohhBGAQ","0038a00003A16dsAAB","0"
"0XF8a000000orh6GAA","0","00000253","USD","2023-05-29 20:41:31","0058a00000MNWtKAAX","2023-05-29 20:41:31","0058a00000MNWtKAAX","2023-05-29 20:41:31","0XB8a000000ohhBGAQ","0038a00003C5aaEAAR","0"
"0XF8a000000orh7GAA","0","00000254","USD","2023-05-29 20:41:31","0058a00000MNWtKAAX","2023-05-29 20:41:31","0058a00000MNWtKAAX","2023-05-29 20:41:31","0XB8a000000ohhBGAQ","0038a00003HYCalAAH","0"
"0XF8a000000orh8GAA","0","00000255","USD","2023-05-29 20:41:31","0058a00000MNWtKAAX","2023-05-29 20:41:31","0058a00000MNWtKAAX","2023-05-29 20:41:31","0XB8a000000ohhBGAQ","0038a00003HUN6SAAX","0"
"0XF8a000000orh9GAA","0","00000256","USD","2023-05-29 20:41:31","0058a00000MNWtKAAX","2023-05-29 20:41:31","0058a00000MNWtKAAX","2023-05-29 20:41:31","0XB8a000000ohhBGAQ","0038a00003C5aprAAB","0"
"0XF8a000000orhAGAQ","0","00000257","USD","2023-05-29 20:41:31","0058a00000MNWtKAAX","2023-05-29 20:41:31","0058a00000MNWtKAAX","2023-05-29 20:41:31","0XB8a000000ohhBGAQ","0038a000037KOzQAAW","0"
"0XF8a000000orhBGAQ","0","00000258","USD","2023-05-29 20:41:31","0058a00000MNWtKAAX","2023-05-29 20:41:31","0058a00000MNWtKAAX","2023-05-29 20:41:31","0XB8a000000ohhBGAQ","0038a00003C5apsAAB","0"
"0XF8a000000orhCGAQ","0","00000259","USD","2023-05-29 20:41:31","0058a00000MNWtKAAX","2023-05-29 20:41:31","0058a00000MNWtKAAX","2023-05-29 20:41:31","0XB8a000000ohhBGAQ","0038a00003C5aQrAAJ","0"
"0XF8a000000orhDGAQ","0","00000260","USD","2023-05-29 20:47:11","0058a00000MNWtKAAX","2023-05-29 20:47:11","0058a00000MNWtKAAX","2023-05-29 20:47:11","0XB8a000000ohhCGAQ","0038a00003DOS4sAAH","0"
"0XF8a000000orhEGAQ","0","00000261","USD","2023-05-29 20:47:11","0058a00000MNWtKAAX","2023-05-29 20:47:11","0058a00000MNWtKAAX","2023-05-29 20:47:11","0XB8a000000ohhCGAQ","0038a00003DOS3VAAX","0"
"0XF8a000000orhFGAQ","0","00000262","USD","2023-05-29 20:47:11","0058a00000MNWtKAAX","2023-05-29 20:47:11","0058a00000MNWtKAAX","2023-05-29 20:47:11","0XB8a000000ohhCGAQ","0038a00003A1AczAAF","0"
"0XF8a000000orhGGAQ","0","00000263","USD","2023-05-29 20:47:11","0058a00000MNWtKAAX","2023-05-29 20:47:11","0058a00000MNWtKAAX","2023-05-29 20:47:11","0XB8a000000ohhCGAQ","0038a00003A0xXDAAZ","0"
"0XF8a000000orhHGAQ","0","00000264","USD","2023-05-29 20:47:11","0058a00000MNWtKAAX","2023-05-29 20:47:11","0058a00000MNWtKAAX","2023-05-29 20:47:11","0XB8a000000ohhCGAQ","0038a00003A0xXEAAZ","0"
"0XF8a000000orhIGAQ","0","00000265","USD","2023-05-29 20:47:11","0058a00000MNWtKAAX","2023-05-29 20:47:11","0058a00000MNWtKAAX","2023-05-29 20:47:11","0XB8a000000ohhCGAQ","0038a000037JAByAAO","0"
"0XF8a000000orhJGAQ","0","00000266","USD","2023-05-29 20:47:11","0058a00000MNWtKAAX","2023-05-29 20:47:11","0058a00000MNWtKAAX","2023-05-29 20:47:11","0XB8a000000ohhCGAQ","0038a00003HYCalAAH","0"
"0XF8a000000orhKGAQ","0","00000267","USD","2023-05-29 20:47:11","0058a00000MNWtKAAX","2023-05-29 20:47:11","0058a00000MNWtKAAX","2023-05-29 20:47:11","0XB8a000000ohhCGAQ","0038a00003HUN3YAAX","0"
"0XF8a000000orhLGAQ","0","00000268","USD","2023-05-29 20:47:11","0058a00000MNWtKAAX","2023-05-29 20:47:11","0058a00000MNWtKAAX","2023-05-29 20:47:11","0XB8a000000ohhCGAQ","0038a00003DORsNAAX","0"
"0XF8a000000orhMGAQ","0","00000269","USD","2023-05-29 20:49:14","0058a00000MNWtKAAX","2023-05-29 20:49:14","0058a00000MNWtKAAX","2023-05-29 20:49:14","0XB8a000000ohhGGAQ","0038a00003HUN9MAAX","0"
"0XF8a000000orhNGAQ","0","00000270","USD","2023-05-29 20:49:14","0058a00000MNWtKAAX","2023-05-29 20:49:14","0058a00000MNWtKAAX","2023-05-29 20:49:14","0XB8a000000ohhGGAQ","0038a00003HUN4mAAH","0"
"0XF8a000000orhOGAQ","0","00000271","USD","2023-05-29 20:49:14","0058a00000MNWtKAAX","2023-05-29 20:49:14","0058a00000MNWtKAAX","2023-05-29 20:49:14","0XB8a000000ohhGGAQ","0038a00003HYCalAAH","0"
"0XF8a000000orhPGAQ","0","00000272","USD","2023-05-29 20:49:14","0058a00000MNWtKAAX","2023-05-29 20:49:14","0058a00000MNWtKAAX","2023-05-29 20:49:14","0XB8a000000ohhGGAQ","0038a00003HUN3YAAX","0"
"0XF8a000000orhQGAQ","0","00000273","USD","2023-05-29 20:49:14","0058a00000MNWtKAAX","2023-05-29 20:49:14","0058a00000MNWtKAAX","2023-05-29 20:49:14","0XB8a000000ohhGGAQ","0038a00003HUNBHAA5","0"
"0XF8a000000orhRGAQ","0","00000274","USD","2023-05-29 20:49:14","0058a00000MNWtKAAX","2023-05-29 20:49:14","0058a00000MNWtKAAX","2023-05-29 20:49:14","0XB8a000000ohhGGAQ","0038a00003HUN4nAAH","0"
"0XF8a000000orhSGAQ","0","00000275","USD","2023-05-29 20:50:21","0058a00000MNWtKAAX","2023-05-29 20:50:21","0058a00000MNWtKAAX","2023-05-29 20:50:21","0XB8a000000ohhLGAQ","0038a00003FWcqWAAT","0"
"0XF8a000000orhTGAQ","0","00000276","USD","2023-05-29 20:50:21","0058a00000MNWtKAAX","2023-05-29 20:50:21","0058a00000MNWtKAAX","2023-05-29 20:50:21","0XB8a000000ohhLGAQ","0038a00003FWZkgAAH","0"
"0XF8a000000orhUGAQ","0","00000277","USD","2023-05-29 20:50:21","0058a00000MNWtKAAX","2023-05-29 20:50:21","0058a00000MNWtKAAX","2023-05-29 20:50:21","0XB8a000000ohhLGAQ","0038a00003FWZIuAAP","0"
"0XF8a000000orhVGAQ","0","00000278","USD","2023-05-29 20:50:21","0058a00000MNWtKAAX","2023-05-29 20:50:21","0058a00000MNWtKAAX","2023-05-29 20:50:21","0XB8a000000ohhLGAQ","0038a00003FWZkfAAH","0"
"0XF8a000000orhWGAQ","0","00000279","USD","2023-05-29 20:50:21","0058a00000MNWtKAAX","2023-05-29 20:50:21","0058a00000MNWtKAAX","2023-05-29 20:50:21","0XB8a000000ohhLGAQ","0038a00003FWZItAAP","0"
"0XF8a000000orhXGAQ","0","00000280","USD","2023-05-29 20:50:21","0058a00000MNWtKAAX","2023-05-29 20:50:21","0058a00000MNWtKAAX","2023-05-29 20:50:21","0XB8a000000ohhLGAQ","0038a00003FWZMWAA5","0"
"0XF8a000000orhYGAQ","0","00000281","USD","2023-05-29 20:50:21","0058a00000MNWtKAAX","2023-05-29 20:50:21","0058a00000MNWtKAAX","2023-05-29 20:50:21","0XB8a000000ohhLGAQ","0038a00003HYCalAAH","0"
"0XF8a000000orhZGAQ","0","00000282","USD","2023-05-29 20:50:21","0058a00000MNWtKAAX","2023-05-29 20:50:21","0058a00000MNWtKAAX","2023-05-29 20:50:21","0XB8a000000ohhLGAQ","0038a00003HUN3ZAAX","0"
"0XF8a000000orhaGAA","0","00000283","USD","2023-05-29 20:50:21","0058a00000MNWtKAAX","2023-05-29 20:50:21","0058a00000MNWtKAAX","2023-05-29 20:50:21","0XB8a000000ohhLGAQ","0038a00003HUN3YAAX","0"
"0XF8a000000orhbGAA","0","00000284","USD","2023-05-29 20:50:21","0058a00000MNWtKAAX","2023-05-29 20:50:21","0058a00000MNWtKAAX","2023-05-29 20:50:21","0XB8a000000ohhLGAQ","0038a00003A1ZaSAAV","0"
"0XF8a000000orhcGAA","0","00000285","USD","2023-05-29 21:00:45","0058a00000MNWtKAAX","2023-05-29 21:00:45","0058a00000MNWtKAAX","2023-05-29 21:00:45","0XB8a000000ohhQGAQ","0038a00003HYCfHAAX","0"
"0XF8a000000orhdGAA","0","00000286","USD","2023-05-29 21:00:45","0058a00000MNWtKAAX","2023-05-29 21:00:45","0058a00000MNWtKAAX","2023-05-29 21:00:45","0XB8a000000ohhQGAQ","0038a00003DN95zAAD","0"
"0XF8a000000orheGAA","0","00000287","USD","2023-05-29 21:00:45","0058a00000MNWtKAAX","2023-05-29 21:00:45","0058a00000MNWtKAAX","2023-05-29 21:00:45","0XB8a000000ohhQGAQ","0038a00003HYCeiAAH","0"
"0XF8a000000orhfGAA","0","00000288","USD","2023-05-29 21:00:45","0058a00000MNWtKAAX","2023-05-29 21:00:45","0058a00000MNWtKAAX","2023-05-29 21:00:45","0XB8a000000ohhQGAQ","0038a00003F9I02AAF","0"
"0XF8a000000orhgGAA","0","00000289","USD","2023-05-29 21:00:45","0058a00000MNWtKAAX","2023-05-29 21:00:45","0058a00000MNWtKAAX","2023-05-29 21:00:45","0XB8a000000ohhQGAQ","0038a00003HYCdCAAX","0"
"0XF8a000000orhhGAA","0","00000290","USD","2023-05-29 21:00:45","0058a00000MNWtKAAX","2023-05-29 21:00:45","0058a00000MNWtKAAX","2023-05-29 21:00:45","0XB8a000000ohhQGAQ","0038a00003F9AAeAAN","0"
