"Id","FiscalYearSettingsId","Type","StartDate","EndDate","SystemModstamp","IsForecastPeriod","QuarterLabel","PeriodLabel","Number"
"0268a00000195ccAAA","0228a000000GrPYAA0","Year","2027-01-01 00:00:00","2027-12-31 00:00:00","2023-01-03 18:42:36","0","","","1"
"0268a00000195cdAAA","0228a000000GrPYAA0","Quarter","2027-01-01 00:00:00","2027-03-31 00:00:00","2023-01-03 18:42:36","0","","","1"
"0268a00000195ceAAA","0228a000000GrPYAA0","Quarter","2027-04-01 00:00:00","2027-06-30 00:00:00","2023-01-03 18:42:36","0","","","2"
"0268a00000195cfAAA","0228a000000GrPYAA0","Quarter","2027-07-01 00:00:00","2027-09-30 00:00:00","2023-01-03 18:42:36","0","","","3"
"0268a00000195cgAAA","0228a000000GrPYAA0","Quarter","2027-10-01 00:00:00","2027-12-31 00:00:00","2023-01-03 18:42:36","0","","","4"
"0268a00000195chAAA","0228a000000GrPYAA0","Month","2027-01-01 00:00:00","2027-01-31 00:00:00","2023-01-03 18:42:36","1","","","1"
"0268a00000195ciAAA","0228a000000GrPYAA0","Month","2027-02-01 00:00:00","2027-02-28 00:00:00","2023-01-03 18:42:36","1","","","2"
"0268a00000195cjAAA","0228a000000GrPYAA0","Month","2027-03-01 00:00:00","2027-03-31 00:00:00","2023-01-03 18:42:36","1","","","3"
"0268a00000195ckAAA","0228a000000GrPYAA0","Month","2027-04-01 00:00:00","2027-04-30 00:00:00","2023-01-03 18:42:36","1","","","4"
"0268a00000195clAAA","0228a000000GrPYAA0","Month","2027-05-01 00:00:00","2027-05-31 00:00:00","2023-01-03 18:42:36","1","","","5"
"0268a00000195cmAAA","0228a000000GrPYAA0","Month","2027-06-01 00:00:00","2027-06-30 00:00:00","2023-01-03 18:42:36","1","","","6"
"0268a00000195cnAAA","0228a000000GrPYAA0","Month","2027-07-01 00:00:00","2027-07-31 00:00:00","2023-01-03 18:42:36","1","","","7"
"0268a00000195coAAA","0228a000000GrPYAA0","Month","2027-08-01 00:00:00","2027-08-31 00:00:00","2023-01-03 18:42:36","1","","","8"
"0268a00000195cpAAA","0228a000000GrPYAA0","Month","2027-09-01 00:00:00","2027-09-30 00:00:00","2023-01-03 18:42:36","1","","","9"
"0268a00000195cqAAA","0228a000000GrPYAA0","Month","2027-10-01 00:00:00","2027-10-31 00:00:00","2023-01-03 18:42:36","1","","","10"
"0268a00000195crAAA","0228a000000GrPYAA0","Month","2027-11-01 00:00:00","2027-11-30 00:00:00","2023-01-03 18:42:36","1","","","11"
"0268a00000195csAAA","0228a000000GrPYAA0","Month","2027-12-01 00:00:00","2027-12-31 00:00:00","2023-01-03 18:42:36","1","","","12"
"0268a000001HRf3AAG","0228a000000PFBjAAO","Year","2023-01-01 00:00:00","2023-12-31 00:00:00","2022-07-28 16:57:43","0","","","1"
"0268a000001HRf4AAG","0228a000000PFBjAAO","Quarter","2023-01-01 00:00:00","2023-03-31 00:00:00","2022-07-28 16:57:43","0","","","1"
"0268a000001HRf5AAG","0228a000000PFBjAAO","Quarter","2023-04-01 00:00:00","2023-06-30 00:00:00","2022-07-28 16:57:43","0","","","2"
"0268a000001HRf6AAG","0228a000000PFBjAAO","Quarter","2023-07-01 00:00:00","2023-09-30 00:00:00","2022-07-28 16:57:43","0","","","3"
"0268a000001HRf7AAG","0228a000000PFBjAAO","Quarter","2023-10-01 00:00:00","2023-12-31 00:00:00","2022-07-28 16:57:43","0","","","4"
"0268a000001HRf8AAG","0228a000000PFBjAAO","Month","2023-01-01 00:00:00","2023-01-31 00:00:00","2022-07-28 16:57:43","1","","","1"
"0268a000001HRf9AAG","0228a000000PFBjAAO","Month","2023-02-01 00:00:00","2023-02-28 00:00:00","2022-07-28 16:57:43","1","","","2"
"0268a000001HRfAAAW","0228a000000PFBjAAO","Month","2023-03-01 00:00:00","2023-03-31 00:00:00","2022-07-28 16:57:43","1","","","3"
"0268a000001HRfBAAW","0228a000000PFBjAAO","Month","2023-04-01 00:00:00","2023-04-30 00:00:00","2022-07-28 16:57:43","1","","","4"
"0268a000001HRfCAAW","0228a000000PFBjAAO","Month","2023-05-01 00:00:00","2023-05-31 00:00:00","2022-07-28 16:57:43","1","","","5"
"0268a000001HRfDAAW","0228a000000PFBjAAO","Month","2023-06-01 00:00:00","2023-06-30 00:00:00","2022-07-28 16:57:43","1","","","6"
"0268a000001HRfEAAW","0228a000000PFBjAAO","Month","2023-07-01 00:00:00","2023-07-31 00:00:00","2022-07-28 16:57:43","1","","","7"
"0268a000001HRfFAAW","0228a000000PFBjAAO","Month","2023-08-01 00:00:00","2023-08-31 00:00:00","2022-07-28 16:57:43","1","","","8"
"0268a000001HRfGAAW","0228a000000PFBjAAO","Month","2023-09-01 00:00:00","2023-09-30 00:00:00","2022-07-28 16:57:43","1","","","9"
"0268a000001HRfHAAW","0228a000000PFBjAAO","Month","2023-10-01 00:00:00","2023-10-31 00:00:00","2022-07-28 16:57:43","1","","","10"
"0268a000001HRfIAAW","0228a000000PFBjAAO","Month","2023-11-01 00:00:00","2023-11-30 00:00:00","2022-07-28 16:57:43","1","","","11"
"0268a000001HRfJAAW","0228a000000PFBjAAO","Month","2023-12-01 00:00:00","2023-12-31 00:00:00","2022-07-28 16:57:43","1","","","12"
"0268a000001HRfKAAW","0228a000000PFBkAAO","Year","2024-01-01 00:00:00","2024-12-31 00:00:00","2022-07-28 16:57:43","0","","","1"
"0268a000001HRfLAAW","0228a000000PFBkAAO","Quarter","2024-01-01 00:00:00","2024-03-31 00:00:00","2022-07-28 16:57:43","0","","","1"
"0268a000001HRfMAAW","0228a000000PFBkAAO","Quarter","2024-04-01 00:00:00","2024-06-30 00:00:00","2022-07-28 16:57:43","0","","","2"
"0268a000001HRfNAAW","0228a000000PFBkAAO","Quarter","2024-07-01 00:00:00","2024-09-30 00:00:00","2022-07-28 16:57:43","0","","","3"
"0268a000001HRfOAAW","0228a000000PFBkAAO","Quarter","2024-10-01 00:00:00","2024-12-31 00:00:00","2022-07-28 16:57:43","0","","","4"
"0268a000001HRfPAAW","0228a000000PFBkAAO","Month","2024-01-01 00:00:00","2024-01-31 00:00:00","2022-07-28 16:57:43","1","","","1"
"0268a000001HRfQAAW","0228a000000PFBkAAO","Month","2024-02-01 00:00:00","2024-02-29 00:00:00","2022-07-28 16:57:43","1","","","2"
"0268a000001HRfRAAW","0228a000000PFBkAAO","Month","2024-03-01 00:00:00","2024-03-31 00:00:00","2022-07-28 16:57:43","1","","","3"
"0268a000001HRfSAAW","0228a000000PFBkAAO","Month","2024-04-01 00:00:00","2024-04-30 00:00:00","2022-07-28 16:57:43","1","","","4"
"0268a000001HRfTAAW","0228a000000PFBkAAO","Month","2024-05-01 00:00:00","2024-05-31 00:00:00","2022-07-28 16:57:43","1","","","5"
"0268a000001HRfUAAW","0228a000000PFBkAAO","Month","2024-06-01 00:00:00","2024-06-30 00:00:00","2022-07-28 16:57:43","1","","","6"
"0268a000001HRfVAAW","0228a000000PFBkAAO","Month","2024-07-01 00:00:00","2024-07-31 00:00:00","2022-07-28 16:57:43","1","","","7"
"0268a000001HRfWAAW","0228a000000PFBkAAO","Month","2024-08-01 00:00:00","2024-08-31 00:00:00","2022-07-28 16:57:43","1","","","8"
"0268a000001HRfXAAW","0228a000000PFBkAAO","Month","2024-09-01 00:00:00","2024-09-30 00:00:00","2022-07-28 16:57:43","1","","","9"
"0268a000001HRfYAAW","0228a000000PFBkAAO","Month","2024-10-01 00:00:00","2024-10-31 00:00:00","2022-07-28 16:57:43","1","","","10"
"0268a000001HRfZAAW","0228a000000PFBkAAO","Month","2024-11-01 00:00:00","2024-11-30 00:00:00","2022-07-28 16:57:43","1","","","11"
"0268a000001HRfaAAG","0228a000000PFBkAAO","Month","2024-12-01 00:00:00","2024-12-31 00:00:00","2022-07-28 16:57:43","1","","","12"
"0268a000001HRfbAAG","0228a000000PFBlAAO","Year","2025-01-01 00:00:00","2025-12-31 00:00:00","2022-07-28 16:57:43","0","","","1"
"0268a000001HRfcAAG","0228a000000PFBlAAO","Quarter","2025-01-01 00:00:00","2025-03-31 00:00:00","2022-07-28 16:57:43","0","","","1"
"0268a000001HRfdAAG","0228a000000PFBlAAO","Quarter","2025-04-01 00:00:00","2025-06-30 00:00:00","2022-07-28 16:57:43","0","","","2"
"0268a000001HRfeAAG","0228a000000PFBlAAO","Quarter","2025-07-01 00:00:00","2025-09-30 00:00:00","2022-07-28 16:57:43","0","","","3"
"0268a000001HRffAAG","0228a000000PFBlAAO","Quarter","2025-10-01 00:00:00","2025-12-31 00:00:00","2022-07-28 16:57:43","0","","","4"
"0268a000001HRfgAAG","0228a000000PFBlAAO","Month","2025-01-01 00:00:00","2025-01-31 00:00:00","2022-07-28 16:57:43","1","","","1"
"0268a000001HRfhAAG","0228a000000PFBlAAO","Month","2025-02-01 00:00:00","2025-02-28 00:00:00","2022-07-28 16:57:43","1","","","2"
"0268a000001HRfiAAG","0228a000000PFBlAAO","Month","2025-03-01 00:00:00","2025-03-31 00:00:00","2022-07-28 16:57:43","1","","","3"
"0268a000001HRfjAAG","0228a000000PFBlAAO","Month","2025-04-01 00:00:00","2025-04-30 00:00:00","2022-07-28 16:57:43","1","","","4"
"0268a000001HRfkAAG","0228a000000PFBlAAO","Month","2025-05-01 00:00:00","2025-05-31 00:00:00","2022-07-28 16:57:43","1","","","5"
"0268a000001HRflAAG","0228a000000PFBlAAO","Month","2025-06-01 00:00:00","2025-06-30 00:00:00","2022-07-28 16:57:43","1","","","6"
"0268a000001HRfmAAG","0228a000000PFBlAAO","Month","2025-07-01 00:00:00","2025-07-31 00:00:00","2022-07-28 16:57:43","1","","","7"
"0268a000001HRfnAAG","0228a000000PFBlAAO","Month","2025-08-01 00:00:00","2025-08-31 00:00:00","2022-07-28 16:57:43","1","","","8"
"0268a000001HRfoAAG","0228a000000PFBlAAO","Month","2025-09-01 00:00:00","2025-09-30 00:00:00","2022-07-28 16:57:43","1","","","9"
"0268a000001HRfpAAG","0228a000000PFBlAAO","Month","2025-10-01 00:00:00","2025-10-31 00:00:00","2022-07-28 16:57:43","1","","","10"
"0268a000001HRfqAAG","0228a000000PFBlAAO","Month","2025-11-01 00:00:00","2025-11-30 00:00:00","2022-07-28 16:57:43","1","","","11"
"0268a000001HRfrAAG","0228a000000PFBlAAO","Month","2025-12-01 00:00:00","2025-12-31 00:00:00","2022-07-28 16:57:43","1","","","12"
"0268a000001HRfsAAG","0228a000000PFBmAAO","Year","2026-01-01 00:00:00","2026-12-31 00:00:00","2022-07-28 16:57:43","0","","","1"
"0268a000001HRftAAG","0228a000000PFBmAAO","Quarter","2026-01-01 00:00:00","2026-03-31 00:00:00","2022-07-28 16:57:43","0","","","1"
"0268a000001HRfuAAG","0228a000000PFBmAAO","Quarter","2026-04-01 00:00:00","2026-06-30 00:00:00","2022-07-28 16:57:43","0","","","2"
"0268a000001HRfvAAG","0228a000000PFBmAAO","Quarter","2026-07-01 00:00:00","2026-09-30 00:00:00","2022-07-28 16:57:43","0","","","3"
"0268a000001HRfwAAG","0228a000000PFBmAAO","Quarter","2026-10-01 00:00:00","2026-12-31 00:00:00","2022-07-28 16:57:43","0","","","4"
"0268a000001HRfxAAG","0228a000000PFBmAAO","Month","2026-01-01 00:00:00","2026-01-31 00:00:00","2022-07-28 16:57:43","1","","","1"
"0268a000001HRfyAAG","0228a000000PFBmAAO","Month","2026-02-01 00:00:00","2026-02-28 00:00:00","2022-07-28 16:57:43","1","","","2"
"0268a000001HRfzAAG","0228a000000PFBmAAO","Month","2026-03-01 00:00:00","2026-03-31 00:00:00","2022-07-28 16:57:43","1","","","3"
"0268a000001HRg0AAG","0228a000000PFBmAAO","Month","2026-04-01 00:00:00","2026-04-30 00:00:00","2022-07-28 16:57:43","1","","","4"
"0268a000001HRg1AAG","0228a000000PFBmAAO","Month","2026-05-01 00:00:00","2026-05-31 00:00:00","2022-07-28 16:57:43","1","","","5"
"0268a000001HRg2AAG","0228a000000PFBmAAO","Month","2026-06-01 00:00:00","2026-06-30 00:00:00","2022-07-28 16:57:43","1","","","6"
"0268a000001HRg3AAG","0228a000000PFBmAAO","Month","2026-07-01 00:00:00","2026-07-31 00:00:00","2022-07-28 16:57:43","1","","","7"
"0268a000001HRg4AAG","0228a000000PFBmAAO","Month","2026-08-01 00:00:00","2026-08-31 00:00:00","2022-07-28 16:57:43","1","","","8"
"0268a000001HRg5AAG","0228a000000PFBmAAO","Month","2026-09-01 00:00:00","2026-09-30 00:00:00","2022-07-28 16:57:43","1","","","9"
"0268a000001HRg6AAG","0228a000000PFBmAAO","Month","2026-10-01 00:00:00","2026-10-31 00:00:00","2022-07-28 16:57:43","1","","","10"
"0268a000001HRg7AAG","0228a000000PFBmAAO","Month","2026-11-01 00:00:00","2026-11-30 00:00:00","2022-07-28 16:57:43","1","","","11"
"0268a000001HRg8AAG","0228a000000PFBmAAO","Month","2026-12-01 00:00:00","2026-12-31 00:00:00","2022-07-28 16:57:43","1","","","12"
"0268a0000021cXlAAI","0228a000000wmjVAAQ","Month","2021-07-01 00:00:00","2021-07-31 00:00:00","2022-05-25 20:38:02","1","","","7"
"0268a0000021cXmAAI","0228a000000wmjVAAQ","Month","2021-06-01 00:00:00","2021-06-30 00:00:00","2022-05-25 20:38:02","1","","","6"
"0268a0000021cXnAAI","0228a000000wmjVAAQ","Month","2021-05-01 00:00:00","2021-05-31 00:00:00","2022-05-25 20:38:02","1","","","5"
"0268a0000021cXoAAI","0228a000000wmjWAAQ","Month","2020-05-01 00:00:00","2020-05-31 00:00:00","2022-05-25 20:38:02","1","","","5"
"0268a0000021cXpAAI","0228a000000wmjWAAQ","Month","2020-02-01 00:00:00","2020-02-29 00:00:00","2022-05-25 20:38:02","1","","","2"
"0268a0000021cXqAAI","0228a000000wmjVAAQ","Month","2021-02-01 00:00:00","2021-02-28 00:00:00","2022-05-25 20:38:02","1","","","2"
"0268a0000021cXrAAI","0228a000000wmjVAAQ","Month","2021-01-01 00:00:00","2021-01-31 00:00:00","2022-05-25 20:38:02","1","","","1"
"0268a0000021cXsAAI","0228a000000wmjWAAQ","Month","2020-12-01 00:00:00","2020-12-31 00:00:00","2022-05-25 20:38:02","1","","","12"
"0268a0000021cXtAAI","0228a000000wmjWAAQ","Month","2020-04-01 00:00:00","2020-04-30 00:00:00","2022-05-25 20:38:02","1","","","4"
"0268a0000021cXuAAI","0228a000000wmjWAAQ","Month","2020-03-01 00:00:00","2020-03-31 00:00:00","2022-05-25 20:38:02","1","","","3"
"0268a0000021cXvAAI","0228a000000wmjWAAQ","Month","2020-07-01 00:00:00","2020-07-31 00:00:00","2022-05-25 20:38:02","1","","","7"
"0268a0000021cXwAAI","0228a000000wmjVAAQ","Month","2021-04-01 00:00:00","2021-04-30 00:00:00","2022-05-25 20:38:02","1","","","4"
"0268a0000021cXxAAI","0228a000000wmjWAAQ","Month","2020-01-01 00:00:00","2020-01-31 00:00:00","2022-05-25 20:38:02","1","","","1"
"0268a0000021cXyAAI","0228a000000wmjWAAQ","Month","2020-11-01 00:00:00","2020-11-30 00:00:00","2022-05-25 20:38:02","1","","","11"
"0268a0000021cXzAAI","0228a000000wmjVAAQ","Month","2021-03-01 00:00:00","2021-03-31 00:00:00","2022-05-25 20:38:02","1","","","3"
"0268a0000021cY0AAI","0228a000000wmjWAAQ","Month","2020-10-01 00:00:00","2020-10-31 00:00:00","2022-05-25 20:38:02","1","","","10"
"0268a0000021cY1AAI","0228a000000wmjXAAQ","Month","2019-06-01 00:00:00","2019-06-30 00:00:00","2022-05-25 20:38:02","1","","","6"
"0268a0000021cY2AAI","0228a000000wmjXAAQ","Month","2019-11-01 00:00:00","2019-11-30 00:00:00","2022-05-25 20:38:02","1","","","11"
"0268a0000021cY3AAI","0228a000000wmjXAAQ","Month","2019-08-01 00:00:00","2019-08-31 00:00:00","2022-05-25 20:38:02","1","","","8"
"0268a0000021cY4AAI","0228a000000wmjXAAQ","Month","2019-05-01 00:00:00","2019-05-31 00:00:00","2022-05-25 20:38:02","1","","","5"
"0268a0000021cY5AAI","0228a000000wmjXAAQ","Month","2019-07-01 00:00:00","2019-07-31 00:00:00","2022-05-25 20:38:02","1","","","7"
"0268a0000021cY6AAI","0228a000000wmjXAAQ","Month","2019-09-01 00:00:00","2019-09-30 00:00:00","2022-05-25 20:38:02","1","","","9"
"0268a0000021cY7AAI","0228a000000wmjXAAQ","Month","2019-10-01 00:00:00","2019-10-31 00:00:00","2022-05-25 20:38:02","1","","","10"
"0268a0000021cY8AAI","0228a000000wmjYAAQ","Month","2018-11-01 00:00:00","2018-11-30 00:00:00","2022-05-25 20:38:02","1","","","11"
"0268a0000021cY9AAI","0228a000000wmjXAAQ","Month","2019-01-01 00:00:00","2019-01-31 00:00:00","2022-05-25 20:38:02","1","","","1"
"0268a0000021cYAAAY","0228a000000wmjZAAQ","Month","2017-10-01 00:00:00","2017-10-31 00:00:00","2022-05-25 20:38:02","1","","","10"
"0268a0000021cYBAAY","0228a000000wmjYAAQ","Month","2018-12-01 00:00:00","2018-12-31 00:00:00","2022-05-25 20:38:02","1","","","12"
"0268a0000021cYCAAY","0228a000000wmjYAAQ","Month","2018-01-01 00:00:00","2018-01-31 00:00:00","2022-05-25 20:38:02","1","","","1"
"0268a0000021cYDAAY","0228a000000wmjXAAQ","Month","2019-03-01 00:00:00","2019-03-31 00:00:00","2022-05-25 20:38:02","1","","","3"
"0268a0000021cYEAAY","0228a000000wmjXAAQ","Month","2019-02-01 00:00:00","2019-02-28 00:00:00","2022-05-25 20:38:02","1","","","2"
"0268a0000021cYFAAY","0228a000000wmjYAAQ","Month","2018-09-01 00:00:00","2018-09-30 00:00:00","2022-05-25 20:38:02","1","","","9"
"0268a0000021cYGAAY","0228a000000wmjZAAQ","Month","2017-09-01 00:00:00","2017-09-30 00:00:00","2022-05-25 20:38:02","1","","","9"
"0268a0000021cYHAAY","0228a000000wmjYAAQ","Month","2018-03-01 00:00:00","2018-03-31 00:00:00","2022-05-25 20:38:02","1","","","3"
"0268a0000021cYIAAY","0228a000000wmjYAAQ","Month","2018-10-01 00:00:00","2018-10-31 00:00:00","2022-05-25 20:38:02","1","","","10"
"0268a0000021cYJAAY","0228a000000wmjYAAQ","Month","2018-07-01 00:00:00","2018-07-31 00:00:00","2022-05-25 20:38:02","1","","","7"
"0268a0000021cYKAAY","0228a000000wmjYAAQ","Month","2018-06-01 00:00:00","2018-06-30 00:00:00","2022-05-25 20:38:02","1","","","6"
"0268a0000021cYLAAY","0228a000000wmjZAAQ","Month","2017-12-01 00:00:00","2017-12-31 00:00:00","2022-05-25 20:38:02","1","","","12"
"0268a0000021cYMAAY","0228a000000wmjYAAQ","Month","2018-05-01 00:00:00","2018-05-31 00:00:00","2022-05-25 20:38:02","1","","","5"
"0268a0000021cYNAAY","0228a000000wmjZAAQ","Month","2017-06-01 00:00:00","2017-06-30 00:00:00","2022-05-25 20:38:02","1","","","6"
"0268a0000021cYOAAY","0228a000000wmjYAAQ","Month","2018-04-01 00:00:00","2018-04-30 00:00:00","2022-05-25 20:38:02","1","","","4"
"0268a0000021cYPAAY","0228a000000wmjYAAQ","Month","2018-08-01 00:00:00","2018-08-31 00:00:00","2022-05-25 20:38:02","1","","","8"
"0268a0000021cYQAAY","0228a000000wmjaAAA","Month","2016-05-01 00:00:00","2016-05-31 00:00:00","2022-05-25 20:38:02","1","","","5"
"0268a0000021cYRAAY","0228a000000wmjaAAA","Month","2016-06-01 00:00:00","2016-06-30 00:00:00","2022-05-25 20:38:02","1","","","6"
"0268a0000021cYSAAY","0228a000000wmjaAAA","Month","2016-08-01 00:00:00","2016-08-31 00:00:00","2022-05-25 20:38:02","1","","","8"
"0268a0000021cYTAAY","0228a000000wmjaAAA","Month","2016-04-01 00:00:00","2016-04-30 00:00:00","2022-05-25 20:38:02","1","","","4"
"0268a0000021cYUAAY","0228a000000wmjaAAA","Month","2016-03-01 00:00:00","2016-03-31 00:00:00","2022-05-25 20:38:02","1","","","3"
"0268a0000021cYVAAY","0228a000000wmjaAAA","Month","2016-07-01 00:00:00","2016-07-31 00:00:00","2022-05-25 20:38:02","1","","","7"
"0268a0000021cYWAAY","0228a000000wmjaAAA","Month","2016-09-01 00:00:00","2016-09-30 00:00:00","2022-05-25 20:38:02","1","","","9"
"0268a0000021cYXAAY","0228a000000wmjaAAA","Month","2016-01-01 00:00:00","2016-01-31 00:00:00","2022-05-25 20:38:02","1","","","1"
"0268a0000021cYYAAY","0228a000000wmjbAAA","Month","2014-10-01 00:00:00","2014-10-31 00:00:00","2022-05-25 20:38:02","1","","","10"
"0268a0000021cYZAAY","0228a000000wmjcAAA","Month","2015-12-01 00:00:00","2015-12-31 00:00:00","2022-05-25 20:38:02","1","","","12"
"0268a0000021cYaAAI","0228a000000wmjdAAA","Month","2010-09-01 00:00:00","2010-09-30 00:00:00","2022-05-25 20:38:02","0","","","9"
"0268a0000021cYbAAI","0228a000000wmjdAAA","Month","2010-11-01 00:00:00","2010-11-30 00:00:00","2022-05-25 20:38:02","0","","","11"
"0268a0000021cYcAAI","0228a000000wmjdAAA","Month","2010-08-01 00:00:00","2010-08-31 00:00:00","2022-05-25 20:38:02","0","","","8"
"0268a0000021cYdAAI","0228a000000wmjeAAA","Month","2011-01-01 00:00:00","2011-01-31 00:00:00","2022-05-25 20:38:02","0","","","1"
"0268a0000021cYeAAI","0228a000000wmjdAAA","Month","2010-10-01 00:00:00","2010-10-31 00:00:00","2022-05-25 20:38:02","0","","","10"
"0268a0000021cYfAAI","0228a000000wmjfAAA","Month","2013-03-01 00:00:00","2013-03-31 00:00:00","2022-05-25 20:38:02","1","","","3"
"0268a0000021cYgAAI","0228a000000wmjgAAA","Month","2012-11-01 00:00:00","2012-11-30 00:00:00","2022-05-25 20:38:02","1","","","11"
"0268a0000021cYhAAI","0228a000000wmjfAAA","Month","2013-05-01 00:00:00","2013-05-31 00:00:00","2022-05-25 20:38:02","1","","","5"
"0268a0000021cYiAAI","0228a000000wmjfAAA","Month","2013-06-01 00:00:00","2013-06-30 00:00:00","2022-05-25 20:38:02","1","","","6"
"0268a0000021cYjAAI","0228a000000wmjfAAA","Month","2013-08-01 00:00:00","2013-08-31 00:00:00","2022-05-25 20:38:02","1","","","8"
"0268a0000021cYkAAI","0228a000000wmjfAAA","Month","2013-09-01 00:00:00","2013-09-30 00:00:00","2022-05-25 20:38:02","1","","","9"
"0268a0000021cYlAAI","0228a000000wmjfAAA","Month","2013-10-01 00:00:00","2013-10-31 00:00:00","2022-05-25 20:38:02","1","","","10"
"0268a0000021cYmAAI","0228a000000wmjfAAA","Month","2013-12-01 00:00:00","2013-12-31 00:00:00","2022-05-25 20:38:02","1","","","12"
"0268a0000021cYnAAI","0228a000000wmjfAAA","Month","2013-11-01 00:00:00","2013-11-30 00:00:00","2022-05-25 20:38:02","1","","","11"
"0268a0000021cYoAAI","0228a000000wmjgAAA","Month","2012-12-01 00:00:00","2012-12-31 00:00:00","2022-05-25 20:38:02","1","","","12"
"0268a0000021cYpAAI","0228a000000wmjfAAA","Month","2013-01-01 00:00:00","2013-01-31 00:00:00","2022-05-25 20:38:02","1","","","1"
"0268a0000021cYqAAI","0228a000000wmjcAAA","Month","2015-04-01 00:00:00","2015-04-30 00:00:00","2022-05-25 20:38:02","1","","","4"
"0268a0000021cYrAAI","0228a000000wmjcAAA","Month","2015-05-01 00:00:00","2015-05-31 00:00:00","2022-05-25 20:38:02","1","","","5"
"0268a0000021cYsAAI","0228a000000wmjcAAA","Month","2015-06-01 00:00:00","2015-06-30 00:00:00","2022-05-25 20:38:02","1","","","6"
"0268a0000021cYtAAI","0228a000000wmjcAAA","Month","2015-07-01 00:00:00","2015-07-31 00:00:00","2022-05-25 20:38:02","1","","","7"
"0268a0000021cYuAAI","0228a000000wmjcAAA","Month","2015-01-01 00:00:00","2015-01-31 00:00:00","2022-05-25 20:38:02","1","","","1"
"0268a0000021cYvAAI","0228a000000wmjcAAA","Month","2015-02-01 00:00:00","2015-02-28 00:00:00","2022-05-25 20:38:02","1","","","2"
"0268a0000021cYwAAI","0228a000000wmjcAAA","Month","2015-08-01 00:00:00","2015-08-31 00:00:00","2022-05-25 20:38:02","1","","","8"
"0268a0000021cYxAAI","0228a000000wmjcAAA","Month","2015-03-01 00:00:00","2015-03-31 00:00:00","2022-05-25 20:38:02","1","","","3"
"0268a0000021cYyAAI","0228a000000wmjbAAA","Month","2014-05-01 00:00:00","2014-05-31 00:00:00","2022-05-25 20:38:02","1","","","5"
"0268a0000021cYzAAI","0228a000000wmjbAAA","Month","2014-08-01 00:00:00","2014-08-31 00:00:00","2022-05-25 20:38:02","1","","","8"
"0268a0000021cZ0AAI","0228a000000wmjbAAA","Month","2014-11-01 00:00:00","2014-11-30 00:00:00","2022-05-25 20:38:02","1","","","11"
"0268a0000021cZ1AAI","0228a000000wmjcAAA","Month","2015-09-01 00:00:00","2015-09-30 00:00:00","2022-05-25 20:38:02","1","","","9"
"0268a0000021cZ2AAI","0228a000000wmjcAAA","Month","2015-11-01 00:00:00","2015-11-30 00:00:00","2022-05-25 20:38:02","1","","","11"
"0268a0000021cZ3AAI","0228a000000wmjcAAA","Month","2015-10-01 00:00:00","2015-10-31 00:00:00","2022-05-25 20:38:02","1","","","10"
"0268a0000021cZ4AAI","0228a000000wmjaAAA","Month","2016-02-01 00:00:00","2016-02-29 00:00:00","2022-05-25 20:38:02","1","","","2"
"0268a0000021cZ5AAI","0228a000000wmjZAAQ","Year","2017-01-01 00:00:00","2017-12-31 00:00:00","2022-05-25 20:38:02","0","","","1"
"0268a0000021cZ6AAI","0228a000000wmjZAAQ","Quarter","2017-01-01 00:00:00","2017-03-31 00:00:00","2022-05-25 20:38:02","0","","","1"
"0268a0000021cZ7AAI","0228a000000wmjZAAQ","Quarter","2017-04-01 00:00:00","2017-06-30 00:00:00","2022-05-25 20:38:02","0","","","2"
"0268a0000021cZ8AAI","0228a000000wmjZAAQ","Quarter","2017-07-01 00:00:00","2017-09-30 00:00:00","2022-05-25 20:38:02","0","","","3"
"0268a0000021cZ9AAI","0228a000000wmjZAAQ","Quarter","2017-10-01 00:00:00","2017-12-31 00:00:00","2022-05-25 20:38:02","0","","","4"
"0268a0000021cZAAAY","0228a000000wmjZAAQ","Month","2017-01-01 00:00:00","2017-01-31 00:00:00","2022-05-25 20:38:02","1","","","1"
"0268a0000021cZBAAY","0228a000000wmjZAAQ","Month","2017-02-01 00:00:00","2017-02-28 00:00:00","2022-05-25 20:38:02","1","","","2"
"0268a0000021cZCAAY","0228a000000wmjZAAQ","Month","2017-03-01 00:00:00","2017-03-31 00:00:00","2022-05-25 20:38:02","1","","","3"
"0268a0000021cZDAAY","0228a000000wmjZAAQ","Month","2017-04-01 00:00:00","2017-04-30 00:00:00","2022-05-25 20:38:02","1","","","4"
"0268a0000021cZEAAY","0228a000000wmjZAAQ","Month","2017-05-01 00:00:00","2017-05-31 00:00:00","2022-05-25 20:38:02","1","","","5"
"0268a0000021cZFAAY","0228a000000wmjZAAQ","Month","2017-07-01 00:00:00","2017-07-31 00:00:00","2022-05-25 20:38:02","1","","","7"
"0268a0000021cZGAAY","0228a000000wmjZAAQ","Month","2017-08-01 00:00:00","2017-08-31 00:00:00","2022-05-25 20:38:02","1","","","8"
"0268a0000021cZHAAY","0228a000000wmjZAAQ","Month","2017-11-01 00:00:00","2017-11-30 00:00:00","2022-05-25 20:38:02","1","","","11"
"0268a0000021cZIAAY","0228a000000wmjYAAQ","Year","2018-01-01 00:00:00","2018-12-31 00:00:00","2022-05-25 20:38:02","0","","","1"
"0268a0000021cZJAAY","0228a000000wmjYAAQ","Quarter","2018-01-01 00:00:00","2018-03-31 00:00:00","2022-05-25 20:38:02","0","","","1"
"0268a0000021cZKAAY","0228a000000wmjYAAQ","Quarter","2018-04-01 00:00:00","2018-06-30 00:00:00","2022-05-25 20:38:02","0","","","2"
"0268a0000021cZLAAY","0228a000000wmjYAAQ","Quarter","2018-07-01 00:00:00","2018-09-30 00:00:00","2022-05-25 20:38:02","0","","","3"
"0268a0000021cZMAAY","0228a000000wmjYAAQ","Quarter","2018-10-01 00:00:00","2018-12-31 00:00:00","2022-05-25 20:38:02","0","","","4"
"0268a0000021cZNAAY","0228a000000wmjYAAQ","Month","2018-02-01 00:00:00","2018-02-28 00:00:00","2022-05-25 20:38:02","1","","","2"
"0268a0000021cZOAAY","0228a000000wmjfAAA","Quarter","2013-10-01 00:00:00","2013-12-31 00:00:00","2022-05-25 20:38:02","0","","","4"
"0268a0000021cZPAAY","0228a000000wmjfAAA","Month","2013-02-01 00:00:00","2013-02-28 00:00:00","2022-05-25 20:38:02","1","","","2"
"0268a0000021cZQAAY","0228a000000wmjfAAA","Month","2013-04-01 00:00:00","2013-04-30 00:00:00","2022-05-25 20:38:02","1","","","4"
"0268a0000021cZRAAY","0228a000000wmjfAAA","Month","2013-07-01 00:00:00","2013-07-31 00:00:00","2022-05-25 20:38:02","1","","","7"
"0268a0000021cZSAAY","0228a000000wmjbAAA","Year","2014-01-01 00:00:00","2014-12-31 00:00:00","2022-05-25 20:38:02","0","","","1"
"0268a0000021cZTAAY","0228a000000wmjbAAA","Quarter","2014-01-01 00:00:00","2014-03-31 00:00:00","2022-05-25 20:38:02","0","","","1"
"0268a0000021cZUAAY","0228a000000wmjbAAA","Quarter","2014-04-01 00:00:00","2014-06-30 00:00:00","2022-05-25 20:38:02","0","","","2"
"0268a0000021cZVAAY","0228a000000wmjbAAA","Quarter","2014-07-01 00:00:00","2014-09-30 00:00:00","2022-05-25 20:38:02","0","","","3"
"0268a0000021cZWAAY","0228a000000wmjbAAA","Quarter","2014-10-01 00:00:00","2014-12-31 00:00:00","2022-05-25 20:38:02","0","","","4"
"0268a0000021cZXAAY","0228a000000wmjbAAA","Month","2014-01-01 00:00:00","2014-01-31 00:00:00","2022-05-25 20:38:02","1","","","1"
"0268a0000021cZYAAY","0228a000000wmjbAAA","Month","2014-02-01 00:00:00","2014-02-28 00:00:00","2022-05-25 20:38:02","1","","","2"
"0268a0000021cZZAAY","0228a000000wmjbAAA","Month","2014-03-01 00:00:00","2014-03-31 00:00:00","2022-05-25 20:38:02","1","","","3"
"0268a0000021cZaAAI","0228a000000wmjbAAA","Month","2014-04-01 00:00:00","2014-04-30 00:00:00","2022-05-25 20:38:02","1","","","4"
"0268a0000021cZbAAI","0228a000000wmjbAAA","Month","2014-06-01 00:00:00","2014-06-30 00:00:00","2022-05-25 20:38:02","1","","","6"
"0268a0000021cZcAAI","0228a000000wmjbAAA","Month","2014-07-01 00:00:00","2014-07-31 00:00:00","2022-05-25 20:38:02","1","","","7"
"0268a0000021cZdAAI","0228a000000wmjbAAA","Month","2014-09-01 00:00:00","2014-09-30 00:00:00","2022-05-25 20:38:02","1","","","9"
"0268a0000021cZeAAI","0228a000000wmjbAAA","Month","2014-12-01 00:00:00","2014-12-31 00:00:00","2022-05-25 20:38:02","1","","","12"
"0268a0000021cZfAAI","0228a000000wmjcAAA","Year","2015-01-01 00:00:00","2015-12-31 00:00:00","2022-05-25 20:38:02","0","","","1"
"0268a0000021cZgAAI","0228a000000wmjcAAA","Quarter","2015-01-01 00:00:00","2015-03-31 00:00:00","2022-05-25 20:38:02","0","","","1"
"0268a0000021cZhAAI","0228a000000wmjcAAA","Quarter","2015-04-01 00:00:00","2015-06-30 00:00:00","2022-05-25 20:38:02","0","","","2"
"0268a0000021cZiAAI","0228a000000wmjcAAA","Quarter","2015-07-01 00:00:00","2015-09-30 00:00:00","2022-05-25 20:38:02","0","","","3"
"0268a0000021cZjAAI","0228a000000wmjcAAA","Quarter","2015-10-01 00:00:00","2015-12-31 00:00:00","2022-05-25 20:38:02","0","","","4"
"0268a0000021cZkAAI","0228a000000wmjaAAA","Year","2016-01-01 00:00:00","2016-12-31 00:00:00","2022-05-25 20:38:02","0","","","1"
"0268a0000021cZlAAI","0228a000000wmjaAAA","Quarter","2016-01-01 00:00:00","2016-03-31 00:00:00","2022-05-25 20:38:02","0","","","1"
"0268a0000021cZmAAI","0228a000000wmjaAAA","Quarter","2016-04-01 00:00:00","2016-06-30 00:00:00","2022-05-25 20:38:02","0","","","2"
"0268a0000021cZnAAI","0228a000000wmjaAAA","Quarter","2016-07-01 00:00:00","2016-09-30 00:00:00","2022-05-25 20:38:02","0","","","3"
"0268a0000021cZoAAI","0228a000000wmjaAAA","Quarter","2016-10-01 00:00:00","2016-12-31 00:00:00","2022-05-25 20:38:02","0","","","4"
"0268a0000021cZpAAI","0228a000000wmjaAAA","Month","2016-10-01 00:00:00","2016-10-31 00:00:00","2022-05-25 20:38:02","1","","","10"
"0268a0000021cZqAAI","0228a000000wmjaAAA","Month","2016-11-01 00:00:00","2016-11-30 00:00:00","2022-05-25 20:38:02","1","","","11"
"0268a0000021cZrAAI","0228a000000wmjaAAA","Month","2016-12-01 00:00:00","2016-12-31 00:00:00","2022-05-25 20:38:02","1","","","12"
"0268a0000021cZsAAI","0228a000000wmjdAAA","Year","2010-01-01 00:00:00","2010-12-31 00:00:00","2022-05-25 20:38:02","0","","","1"
"0268a0000021cZtAAI","0228a000000wmjdAAA","Quarter","2010-01-01 00:00:00","2010-03-31 00:00:00","2022-05-25 20:38:02","0","","","1"
"0268a0000021cZuAAI","0228a000000wmjdAAA","Quarter","2010-04-01 00:00:00","2010-06-30 00:00:00","2022-05-25 20:38:02","0","","","2"
"0268a0000021cZvAAI","0228a000000wmjdAAA","Quarter","2010-07-01 00:00:00","2010-09-30 00:00:00","2022-05-25 20:38:02","0","","","3"
"0268a0000021cZwAAI","0228a000000wmjdAAA","Quarter","2010-10-01 00:00:00","2010-12-31 00:00:00","2022-05-25 20:38:02","0","","","4"
"0268a0000021cZxAAI","0228a000000wmjdAAA","Month","2010-01-01 00:00:00","2010-01-31 00:00:00","2022-05-25 20:38:02","0","","","1"
"0268a0000021cZyAAI","0228a000000wmjdAAA","Month","2010-02-01 00:00:00","2010-02-28 00:00:00","2022-05-25 20:38:02","0","","","2"
"0268a0000021cZzAAI","0228a000000wmjdAAA","Month","2010-03-01 00:00:00","2010-03-31 00:00:00","2022-05-25 20:38:02","0","","","3"
"0268a0000021ca0AAA","0228a000000wmjdAAA","Month","2010-04-01 00:00:00","2010-04-30 00:00:00","2022-05-25 20:38:02","0","","","4"
"0268a0000021ca1AAA","0228a000000wmjdAAA","Month","2010-05-01 00:00:00","2010-05-31 00:00:00","2022-05-25 20:38:02","0","","","5"
"0268a0000021ca2AAA","0228a000000wmjdAAA","Month","2010-06-01 00:00:00","2010-06-30 00:00:00","2022-05-25 20:38:02","0","","","6"
"0268a0000021ca3AAA","0228a000000wmjdAAA","Month","2010-07-01 00:00:00","2010-07-31 00:00:00","2022-05-25 20:38:02","0","","","7"
"0268a0000021ca4AAA","0228a000000wmjdAAA","Month","2010-12-01 00:00:00","2010-12-31 00:00:00","2022-05-25 20:38:02","0","","","12"
"0268a0000021ca5AAA","0228a000000wmjeAAA","Year","2011-01-01 00:00:00","2011-12-31 00:00:00","2022-05-25 20:38:02","0","","","1"
"0268a0000021ca6AAA","0228a000000wmjeAAA","Quarter","2011-01-01 00:00:00","2011-03-31 00:00:00","2022-05-25 20:38:02","0","","","1"
"0268a0000021ca7AAA","0228a000000wmjeAAA","Quarter","2011-04-01 00:00:00","2011-06-30 00:00:00","2022-05-25 20:38:02","0","","","2"
"0268a0000021ca8AAA","0228a000000wmjeAAA","Quarter","2011-07-01 00:00:00","2011-09-30 00:00:00","2022-05-25 20:38:02","0","","","3"
"0268a0000021ca9AAA","0228a000000wmjeAAA","Quarter","2011-10-01 00:00:00","2011-12-31 00:00:00","2022-05-25 20:38:02","0","","","4"
"0268a0000021caAAAQ","0228a000000wmjeAAA","Month","2011-02-01 00:00:00","2011-02-28 00:00:00","2022-05-25 20:38:02","0","","","2"
"0268a0000021caBAAQ","0228a000000wmjeAAA","Month","2011-03-01 00:00:00","2011-03-31 00:00:00","2022-05-25 20:38:02","0","","","3"
"0268a0000021caCAAQ","0228a000000wmjeAAA","Month","2011-04-01 00:00:00","2011-04-30 00:00:00","2022-05-25 20:38:02","0","","","4"
"0268a0000021caDAAQ","0228a000000wmjeAAA","Month","2011-05-01 00:00:00","2011-05-31 00:00:00","2022-05-25 20:38:02","0","","","5"
"0268a0000021caEAAQ","0228a000000wmjeAAA","Month","2011-06-01 00:00:00","2011-06-30 00:00:00","2022-05-25 20:38:02","0","","","6"
"0268a0000021caFAAQ","0228a000000wmjeAAA","Month","2011-07-01 00:00:00","2011-07-31 00:00:00","2022-05-25 20:38:02","0","","","7"
"0268a0000021caGAAQ","0228a000000wmjeAAA","Month","2011-08-01 00:00:00","2011-08-31 00:00:00","2022-05-25 20:38:02","0","","","8"
"0268a0000021caHAAQ","0228a000000wmjeAAA","Month","2011-09-01 00:00:00","2011-09-30 00:00:00","2022-05-25 20:38:02","0","","","9"
"0268a0000021caIAAQ","0228a000000wmjeAAA","Month","2011-10-01 00:00:00","2011-10-31 00:00:00","2022-05-25 20:38:02","0","","","10"
"0268a0000021caJAAQ","0228a000000wmjeAAA","Month","2011-11-01 00:00:00","2011-11-30 00:00:00","2022-05-25 20:38:02","0","","","11"
"0268a0000021caKAAQ","0228a000000wmjeAAA","Month","2011-12-01 00:00:00","2011-12-31 00:00:00","2022-05-25 20:38:02","0","","","12"
"0268a0000021caLAAQ","0228a000000wmjgAAA","Year","2012-01-01 00:00:00","2012-12-31 00:00:00","2022-05-25 20:38:02","0","","","1"
"0268a0000021caMAAQ","0228a000000wmjgAAA","Quarter","2012-01-01 00:00:00","2012-03-31 00:00:00","2022-05-25 20:38:02","0","","","1"
"0268a0000021caNAAQ","0228a000000wmjgAAA","Quarter","2012-04-01 00:00:00","2012-06-30 00:00:00","2022-05-25 20:38:02","0","","","2"
"0268a0000021caOAAQ","0228a000000wmjgAAA","Quarter","2012-07-01 00:00:00","2012-09-30 00:00:00","2022-05-25 20:38:02","0","","","3"
"0268a0000021caPAAQ","0228a000000wmjgAAA","Quarter","2012-10-01 00:00:00","2012-12-31 00:00:00","2022-05-25 20:38:02","0","","","4"
"0268a0000021caQAAQ","0228a000000wmjgAAA","Month","2012-01-01 00:00:00","2012-01-31 00:00:00","2022-05-25 20:38:02","1","","","1"
"0268a0000021caRAAQ","0228a000000wmjgAAA","Month","2012-02-01 00:00:00","2012-02-29 00:00:00","2022-05-25 20:38:02","1","","","2"
"0268a0000021caSAAQ","0228a000000wmjgAAA","Month","2012-03-01 00:00:00","2012-03-31 00:00:00","2022-05-25 20:38:02","1","","","3"
"0268a0000021caTAAQ","0228a000000wmjgAAA","Month","2012-04-01 00:00:00","2012-04-30 00:00:00","2022-05-25 20:38:02","1","","","4"
"0268a0000021caUAAQ","0228a000000wmjgAAA","Month","2012-05-01 00:00:00","2012-05-31 00:00:00","2022-05-25 20:38:02","1","","","5"
"0268a0000021caVAAQ","0228a000000wmjgAAA","Month","2012-06-01 00:00:00","2012-06-30 00:00:00","2022-05-25 20:38:02","1","","","6"
"0268a0000021caWAAQ","0228a000000wmjgAAA","Month","2012-07-01 00:00:00","2012-07-31 00:00:00","2022-05-25 20:38:02","1","","","7"
"0268a0000021caXAAQ","0228a000000wmjgAAA","Month","2012-08-01 00:00:00","2012-08-31 00:00:00","2022-05-25 20:38:02","1","","","8"
"0268a0000021caYAAQ","0228a000000wmjgAAA","Month","2012-09-01 00:00:00","2012-09-30 00:00:00","2022-05-25 20:38:02","1","","","9"
"0268a0000021caZAAQ","0228a000000wmjgAAA","Month","2012-10-01 00:00:00","2012-10-31 00:00:00","2022-05-25 20:38:02","1","","","10"
"0268a0000021caaAAA","0228a000000wmjfAAA","Year","2013-01-01 00:00:00","2013-12-31 00:00:00","2022-05-25 20:38:02","0","","","1"
"0268a0000021cabAAA","0228a000000wmjfAAA","Quarter","2013-01-01 00:00:00","2013-03-31 00:00:00","2022-05-25 20:38:02","0","","","1"
"0268a0000021cacAAA","0228a000000wmjfAAA","Quarter","2013-04-01 00:00:00","2013-06-30 00:00:00","2022-05-25 20:38:02","0","","","2"
"0268a0000021cadAAA","0228a000000wmjfAAA","Quarter","2013-07-01 00:00:00","2013-09-30 00:00:00","2022-05-25 20:38:02","0","","","3"
"0268a0000021caeAAA","0228a000000wmjXAAQ","Year","2019-01-01 00:00:00","2019-12-31 00:00:00","2022-05-25 20:38:02","0","","","1"
"0268a0000021cafAAA","0228a000000wmjXAAQ","Quarter","2019-01-01 00:00:00","2019-03-31 00:00:00","2022-05-25 20:38:02","0","","","1"
"0268a0000021cagAAA","0228a000000wmjXAAQ","Quarter","2019-04-01 00:00:00","2019-06-30 00:00:00","2022-05-25 20:38:02","0","","","2"
"0268a0000021cahAAA","0228a000000wmjXAAQ","Quarter","2019-07-01 00:00:00","2019-09-30 00:00:00","2022-05-25 20:38:02","0","","","3"
"0268a0000021caiAAA","0228a000000wmjXAAQ","Quarter","2019-10-01 00:00:00","2019-12-31 00:00:00","2022-05-25 20:38:02","0","","","4"
"0268a0000021cajAAA","0228a000000wmjXAAQ","Month","2019-04-01 00:00:00","2019-04-30 00:00:00","2022-05-25 20:38:02","1","","","4"
"0268a0000021cakAAA","0228a000000wmjXAAQ","Month","2019-12-01 00:00:00","2019-12-31 00:00:00","2022-05-25 20:38:02","1","","","12"
"0268a0000021calAAA","0228a000000wmjWAAQ","Year","2020-01-01 00:00:00","2020-12-31 00:00:00","2022-05-25 20:38:02","0","","","1"
"0268a0000021camAAA","0228a000000wmjWAAQ","Quarter","2020-01-01 00:00:00","2020-03-31 00:00:00","2022-05-25 20:38:02","0","","","1"
"0268a0000021canAAA","0228a000000wmjWAAQ","Quarter","2020-04-01 00:00:00","2020-06-30 00:00:00","2022-05-25 20:38:02","0","","","2"
"0268a0000021caoAAA","0228a000000wmjWAAQ","Quarter","2020-07-01 00:00:00","2020-09-30 00:00:00","2022-05-25 20:38:02","0","","","3"
"0268a0000021capAAA","0228a000000wmjWAAQ","Quarter","2020-10-01 00:00:00","2020-12-31 00:00:00","2022-05-25 20:38:02","0","","","4"
"0268a0000021caqAAA","0228a000000wmjWAAQ","Month","2020-06-01 00:00:00","2020-06-30 00:00:00","2022-05-25 20:38:02","1","","","6"
"0268a0000021carAAA","0228a000000wmjWAAQ","Month","2020-08-01 00:00:00","2020-08-31 00:00:00","2022-05-25 20:38:02","1","","","8"
"0268a0000021casAAA","0228a000000wmjWAAQ","Month","2020-09-01 00:00:00","2020-09-30 00:00:00","2022-05-25 20:38:02","1","","","9"
"0268a0000021catAAA","0228a000000wmjVAAQ","Year","2021-01-01 00:00:00","2021-12-31 00:00:00","2022-05-25 20:38:02","0","","","1"
"0268a0000021cauAAA","0228a000000wmjVAAQ","Quarter","2021-01-01 00:00:00","2021-03-31 00:00:00","2022-05-25 20:38:02","0","","","1"
"0268a0000021cavAAA","0228a000000wmjVAAQ","Quarter","2021-04-01 00:00:00","2021-06-30 00:00:00","2022-05-25 20:38:02","0","","","2"
"0268a0000021cawAAA","0228a000000wmjVAAQ","Quarter","2021-07-01 00:00:00","2021-09-30 00:00:00","2022-05-25 20:38:02","0","","","3"
"0268a0000021caxAAA","0228a000000wmjVAAQ","Quarter","2021-10-01 00:00:00","2021-12-31 00:00:00","2022-05-25 20:38:02","0","","","4"
"0268a0000021cayAAA","0228a000000wmjVAAQ","Month","2021-08-01 00:00:00","2021-08-31 00:00:00","2022-05-25 20:38:02","1","","","8"
"0268a0000021cazAAA","0228a000000wmjVAAQ","Month","2021-09-01 00:00:00","2021-09-30 00:00:00","2022-05-25 20:38:02","1","","","9"
"0268a0000021cb0AAA","0228a000000wmjVAAQ","Month","2021-10-01 00:00:00","2021-10-31 00:00:00","2022-05-25 20:38:02","1","","","10"
"0268a0000021cb1AAA","0228a000000wmjVAAQ","Month","2021-11-01 00:00:00","2021-11-30 00:00:00","2022-05-25 20:38:02","1","","","11"
"0268a0000021cb2AAA","0228a000000wmjVAAQ","Month","2021-12-01 00:00:00","2021-12-31 00:00:00","2022-05-25 20:38:02","1","","","12"
"0268a0000021cb3AAA","0228a000000wmjhAAA","Year","2022-01-01 00:00:00","2022-12-31 00:00:00","2022-05-25 20:38:02","0","","","1"
"0268a0000021cb4AAA","0228a000000wmjhAAA","Quarter","2022-01-01 00:00:00","2022-03-31 00:00:00","2022-05-25 20:38:02","0","","","1"
"0268a0000021cb5AAA","0228a000000wmjhAAA","Quarter","2022-04-01 00:00:00","2022-06-30 00:00:00","2022-05-25 20:38:02","0","","","2"
"0268a0000021cb6AAA","0228a000000wmjhAAA","Quarter","2022-07-01 00:00:00","2022-09-30 00:00:00","2022-05-25 20:38:02","0","","","3"
"0268a0000021cb7AAA","0228a000000wmjhAAA","Quarter","2022-10-01 00:00:00","2022-12-31 00:00:00","2022-05-25 20:38:02","0","","","4"
"0268a0000021cb8AAA","0228a000000wmjhAAA","Month","2022-01-01 00:00:00","2022-01-31 00:00:00","2022-05-25 20:38:02","1","","","1"
"0268a0000021cb9AAA","0228a000000wmjhAAA","Month","2022-02-01 00:00:00","2022-02-28 00:00:00","2022-05-25 20:38:02","1","","","2"
"0268a0000021cbAAAQ","0228a000000wmjhAAA","Month","2022-03-01 00:00:00","2022-03-31 00:00:00","2022-05-25 20:38:02","1","","","3"
"0268a0000021cbBAAQ","0228a000000wmjhAAA","Month","2022-04-01 00:00:00","2022-04-30 00:00:00","2022-05-25 20:38:02","1","","","4"
"0268a0000021cbCAAQ","0228a000000wmjhAAA","Month","2022-05-01 00:00:00","2022-05-31 00:00:00","2022-05-25 20:38:02","1","","","5"
"0268a0000021cbDAAQ","0228a000000wmjhAAA","Month","2022-06-01 00:00:00","2022-06-30 00:00:00","2022-05-25 20:38:02","1","","","6"
"0268a0000021cbEAAQ","0228a000000wmjhAAA","Month","2022-07-01 00:00:00","2022-07-31 00:00:00","2022-05-25 20:38:02","1","","","7"
"0268a0000021cbFAAQ","0228a000000wmjhAAA","Month","2022-08-01 00:00:00","2022-08-31 00:00:00","2022-05-25 20:38:02","1","","","8"
"0268a0000021cbGAAQ","0228a000000wmjhAAA","Month","2022-09-01 00:00:00","2022-09-30 00:00:00","2022-05-25 20:38:02","1","","","9"
"0268a0000021cbHAAQ","0228a000000wmjhAAA","Month","2022-10-01 00:00:00","2022-10-31 00:00:00","2022-05-25 20:38:02","1","","","10"
"0268a0000021cbIAAQ","0228a000000wmjhAAA","Month","2022-11-01 00:00:00","2022-11-30 00:00:00","2022-05-25 20:38:02","1","","","11"
"0268a0000021cbJAAQ","0228a000000wmjhAAA","Month","2022-12-01 00:00:00","2022-12-31 00:00:00","2022-05-25 20:38:02","1","","","12"
